Watching for file changes with StatReloader
System check identified some issues:

WARNINGS:
app.AboutContent: (models.W042) Auto-created primary key used when not defining a primary key type, by default 'django.db.models.AutoField'.
	HINT: Configure the DEFAULT_AUTO_FIELD setting or the AppConfig.default_auto_field attribute to point to a subclass of AutoField, e.g. 'django.db.models.BigAutoField'.
app.AboutJourneyItem: (models.W042) Auto-created primary key used when not defining a primary key type, by default 'django.db.models.AutoField'.
	HINT: Configure the DEFAULT_AUTO_FIELD setting or the AppConfig.default_auto_field attribute to point to a subclass of AutoField, e.g. 'django.db.models.BigAutoField'.
app.AboutValueItem: (models.W042) Auto-created primary key used when not defining a primary key type, by default 'django.db.models.AutoField'.
	HINT: Configure the DEFAULT_AUTO_FIELD setting or the AppConfig.default_auto_field attribute to point to a subclass of AutoField, e.g. 'django.db.models.BigAutoField'.
app.AddOn: (models.W042) Auto-created primary key used when not defining a primary key type, by default 'django.db.models.AutoField'.
	HINT: Configure the DEFAULT_AUTO_FIELD setting or the AppConfig.default_auto_field attribute to point to a subclass of AutoField, e.g. 'django.db.models.BigAutoField'.
app.AdditionalOnly: (models.W042) Auto-created primary key used when not defining a primary key type, by default 'django.db.models.AutoField'.
	HINT: Configure the DEFAULT_AUTO_FIELD setting or the AppConfig.default_auto_field attribute to point to a subclass of AutoField, e.g. 'django.db.models.BigAutoField'.
app.AdminNotification: (models.W042) Auto-created primary key used when not defining a primary key type, by default 'django.db.models.AutoField'.
	HINT: Configure the DEFAULT_AUTO_FIELD setting or the AppConfig.default_auto_field attribute to point to a subclass of AutoField, e.g. 'django.db.models.BigAutoField'.
app.AuditLog: (models.W042) Auto-created primary key used when not defining a primary key type, by default 'django.db.models.AutoField'.
	HINT: Configure the DEFAULT_AUTO_FIELD setting or the AppConfig.default_auto_field attribute to point to a subclass of AutoField, e.g. 'django.db.models.BigAutoField'.
app.BlockedDate: (models.W042) Auto-created primary key used when not defining a primary key type, by default 'django.db.models.AutoField'.
	HINT: Configure the DEFAULT_AUTO_FIELD setting or the AppConfig.default_auto_field attribute to point to a subclass of AutoField, e.g. 'django.db.models.BigAutoField'.
app.Booking: (models.W042) Auto-created primary key used when not defining a primary key type, by default 'django.db.models.AutoField'.
	HINT: Configure the DEFAULT_AUTO_FIELD setting or the AppConfig.default_auto_field attribute to point to a subclass of AutoField, e.g. 'django.db.models.BigAutoField'.
app.BookingImage: (models.W042) Auto-created primary key used when not defining a primary key type, by default 'django.db.models.AutoField'.
	HINT: Configure the DEFAULT_AUTO_FIELD setting or the AppConfig.default_auto_field attribute to point to a subclass of AutoField, e.g. 'django.db.models.BigAutoField'.
app.BookingStatusLog: (models.W042) Auto-created primary key used when not defining a primary key type, by default 'django.db.models.AutoField'.
	HINT: Configure the DEFAULT_AUTO_FIELD setting or the AppConfig.default_auto_field attribute to point to a subclass of AutoField, e.g. 'django.db.models.BigAutoField'.
app.CanvasAsset: (models.W042) Auto-created primary key used when not defining a primary key type, by default 'django.db.models.AutoField'.
	HINT: Configure the DEFAULT_AUTO_FIELD setting or the AppConfig.default_auto_field attribute to point to a subclass of AutoField, e.g. 'django.db.models.BigAutoField'.
app.CanvasCategory: (models.W042) Auto-created primary key used when not defining a primary key type, by default 'django.db.models.AutoField'.
	HINT: Configure the DEFAULT_AUTO_FIELD setting or the AppConfig.default_auto_field attribute to point to a subclass of AutoField, e.g. 'django.db.models.BigAutoField'.
app.CanvasLabel: (models.W042) Auto-created primary key used when not defining a primary key type, by default 'django.db.models.AutoField'.
	HINT: Configure the DEFAULT_AUTO_FIELD setting or the AppConfig.default_auto_field attribute to point to a subclass of AutoField, e.g. 'django.db.models.BigAutoField'.
app.ChatMessage: (models.W042) Auto-created primary key used when not defining a primary key type, by default 'django.db.models.AutoField'.
	HINT: Configure the DEFAULT_AUTO_FIELD setting or the AppConfig.default_auto_field attribute to point to a subclass of AutoField, e.g. 'django.db.models.BigAutoField'.
app.ChatModerationEvent: (models.W042) Auto-created primary key used when not defining a primary key type, by default 'django.db.models.AutoField'.
	HINT: Configure the DEFAULT_AUTO_FIELD setting or the AppConfig.default_auto_field attribute to point to a subclass of AutoField, e.g. 'django.db.models.BigAutoField'.
app.ChatModerationState: (models.W042) Auto-created primary key used when not defining a primary key type, by default 'django.db.models.AutoField'.
	HINT: Configure the DEFAULT_AUTO_FIELD setting or the AppConfig.default_auto_field attribute to point to a subclass of AutoField, e.g. 'django.db.models.BigAutoField'.
app.ChatNotification: (models.W042) Auto-created primary key used when not defining a primary key type, by default 'django.db.models.AutoField'.
	HINT: Configure the DEFAULT_AUTO_FIELD setting or the AppConfig.default_auto_field attribute to point to a subclass of AutoField, e.g. 'django.db.models.BigAutoField'.
app.ChatSession: (models.W042) Auto-created primary key used when not defining a primary key type, by default 'django.db.models.AutoField'.
	HINT: Configure the DEFAULT_AUTO_FIELD setting or the AppConfig.default_auto_field attribute to point to a subclass of AutoField, e.g. 'django.db.models.BigAutoField'.
app.ConcernImage: (models.W042) Auto-created primary key used when not defining a primary key type, by default 'django.db.models.AutoField'.
	HINT: Configure the DEFAULT_AUTO_FIELD setting or the AppConfig.default_auto_field attribute to point to a subclass of AutoField, e.g. 'django.db.models.BigAutoField'.
app.ConcernTicket: (models.W042) Auto-created primary key used when not defining a primary key type, by default 'django.db.models.AutoField'.
	HINT: Configure the DEFAULT_AUTO_FIELD setting or the AppConfig.default_auto_field attribute to point to a subclass of AutoField, e.g. 'django.db.models.BigAutoField'.
app.Design: (models.W042) Auto-created primary key used when not defining a primary key type, by default 'django.db.models.AutoField'.
	HINT: Configure the DEFAULT_AUTO_FIELD setting or the AppConfig.default_auto_field attribute to point to a subclass of AutoField, e.g. 'django.db.models.BigAutoField'.
app.GCashConfig: (models.W042) Auto-created primary key used when not defining a primary key type, by default 'django.db.models.AutoField'.
	HINT: Configure the DEFAULT_AUTO_FIELD setting or the AppConfig.default_auto_field attribute to point to a subclass of AutoField, e.g. 'django.db.models.BigAutoField'.
app.GalleryCategory: (models.W042) Auto-created primary key used when not defining a primary key type, by default 'django.db.models.AutoField'.
	HINT: Configure the DEFAULT_AUTO_FIELD setting or the AppConfig.default_auto_field attribute to point to a subclass of AutoField, e.g. 'django.db.models.BigAutoField'.
app.GalleryImage: (models.W042) Auto-created primary key used when not defining a primary key type, by default 'django.db.models.AutoField'.
	HINT: Configure the DEFAULT_AUTO_FIELD setting or the AppConfig.default_auto_field attribute to point to a subclass of AutoField, e.g. 'django.db.models.BigAutoField'.
app.GuidelineItem: (models.W042) Auto-created primary key used when not defining a primary key type, by default 'django.db.models.AutoField'.
	HINT: Configure the DEFAULT_AUTO_FIELD setting or the AppConfig.default_auto_field attribute to point to a subclass of AutoField, e.g. 'django.db.models.BigAutoField'.
app.GuidelinePageContent: (models.W042) Auto-created primary key used when not defining a primary key type, by default 'django.db.models.AutoField'.
	HINT: Configure the DEFAULT_AUTO_FIELD setting or the AppConfig.default_auto_field attribute to point to a subclass of AutoField, e.g. 'django.db.models.BigAutoField'.
app.HomeContent: (models.W042) Auto-created primary key used when not defining a primary key type, by default 'django.db.models.AutoField'.
	HINT: Configure the DEFAULT_AUTO_FIELD setting or the AppConfig.default_auto_field attribute to point to a subclass of AutoField, e.g. 'django.db.models.BigAutoField'.
app.HomeFaqItem: (models.W042) Auto-created primary key used when not defining a primary key type, by default 'django.db.models.AutoField'.
	HINT: Configure the DEFAULT_AUTO_FIELD setting or the AppConfig.default_auto_field attribute to point to a subclass of AutoField, e.g. 'django.db.models.BigAutoField'.
app.HomeFeatureItem: (models.W042) Auto-created primary key used when not defining a primary key type, by default 'django.db.models.AutoField'.
	HINT: Configure the DEFAULT_AUTO_FIELD setting or the AppConfig.default_auto_field attribute to point to a subclass of AutoField, e.g. 'django.db.models.BigAutoField'.
app.HomeHowItWorksStep: (models.W042) Auto-created primary key used when not defining a primary key type, by default 'django.db.models.AutoField'.
	HINT: Configure the DEFAULT_AUTO_FIELD setting or the AppConfig.default_auto_field attribute to point to a subclass of AutoField, e.g. 'django.db.models.BigAutoField'.
app.MessageReaction: (models.W042) Auto-created primary key used when not defining a primary key type, by default 'django.db.models.AutoField'.
	HINT: Configure the DEFAULT_AUTO_FIELD setting or the AppConfig.default_auto_field attribute to point to a subclass of AutoField, e.g. 'django.db.models.BigAutoField'.
app.Notification: (models.W042) Auto-created primary key used when not defining a primary key type, by default 'django.db.models.AutoField'.
	HINT: Configure the DEFAULT_AUTO_FIELD setting or the AppConfig.default_auto_field attribute to point to a subclass of AutoField, e.g. 'django.db.models.BigAutoField'.
app.Package: (models.W042) Auto-created primary key used when not defining a primary key type, by default 'django.db.models.AutoField'.
	HINT: Configure the DEFAULT_AUTO_FIELD setting or the AppConfig.default_auto_field attribute to point to a subclass of AutoField, e.g. 'django.db.models.BigAutoField'.
app.Payment: (models.W042) Auto-created primary key used when not defining a primary key type, by default 'django.db.models.AutoField'.
	HINT: Configure the DEFAULT_AUTO_FIELD setting or the AppConfig.default_auto_field attribute to point to a subclass of AutoField, e.g. 'django.db.models.BigAutoField'.
app.QuickReply: (models.W042) Auto-created primary key used when not defining a primary key type, by default 'django.db.models.AutoField'.
	HINT: Configure the DEFAULT_AUTO_FIELD setting or the AppConfig.default_auto_field attribute to point to a subclass of AutoField, e.g. 'django.db.models.BigAutoField'.
app.Review: (models.W042) Auto-created primary key used when not defining a primary key type, by default 'django.db.models.AutoField'.
	HINT: Configure the DEFAULT_AUTO_FIELD setting or the AppConfig.default_auto_field attribute to point to a subclass of AutoField, e.g. 'django.db.models.BigAutoField'.
app.ReviewImage: (models.W042) Auto-created primary key used when not defining a primary key type, by default 'django.db.models.AutoField'.
	HINT: Configure the DEFAULT_AUTO_FIELD setting or the AppConfig.default_auto_field attribute to point to a subclass of AutoField, e.g. 'django.db.models.BigAutoField'.
app.ReviewReply: (models.W042) Auto-created primary key used when not defining a primary key type, by default 'django.db.models.AutoField'.
	HINT: Configure the DEFAULT_AUTO_FIELD setting or the AppConfig.default_auto_field attribute to point to a subclass of AutoField, e.g. 'django.db.models.BigAutoField'.
app.Service: (models.W042) Auto-created primary key used when not defining a primary key type, by default 'django.db.models.AutoField'.
	HINT: Configure the DEFAULT_AUTO_FIELD setting or the AppConfig.default_auto_field attribute to point to a subclass of AutoField, e.g. 'django.db.models.BigAutoField'.
app.ServiceChargeConfig: (models.W042) Auto-created primary key used when not defining a primary key type, by default 'django.db.models.AutoField'.
	HINT: Configure the DEFAULT_AUTO_FIELD setting or the AppConfig.default_auto_field attribute to point to a subclass of AutoField, e.g. 'django.db.models.BigAutoField'.
app.ServiceContent: (models.W042) Auto-created primary key used when not defining a primary key type, by default 'django.db.models.AutoField'.
	HINT: Configure the DEFAULT_AUTO_FIELD setting or the AppConfig.default_auto_field attribute to point to a subclass of AutoField, e.g. 'django.db.models.BigAutoField'.
app.SiteSettings: (models.W042) Auto-created primary key used when not defining a primary key type, by default 'django.db.models.AutoField'.
	HINT: Configure the DEFAULT_AUTO_FIELD setting or the AppConfig.default_auto_field attribute to point to a subclass of AutoField, e.g. 'django.db.models.BigAutoField'.
app.User: (models.W042) Auto-created primary key used when not defining a primary key type, by default 'django.db.models.AutoField'.
	HINT: Configure the DEFAULT_AUTO_FIELD setting or the AppConfig.default_auto_field attribute to point to a subclass of AutoField, e.g. 'django.db.models.BigAutoField'.
app.UserDesign: (models.W042) Auto-created primary key used when not defining a primary key type, by default 'django.db.models.AutoField'.
	HINT: Configure the DEFAULT_AUTO_FIELD setting or the AppConfig.default_auto_field attribute to point to a subclass of AutoField, e.g. 'django.db.models.BigAutoField'.

System check identified 45 issues (0 silenced).
[18/Sep/2026 16:29:38] "GET /api/chat/quick-replies/ HTTP/1.1" 302 0
[18/Sep/2026 16:29:42,275] - Broken pipe from ('127.0.0.1', 62870)
[18/Sep/2026 16:29:46] "GET /api/chat/quick-replies/ HTTP/1.1" 302 0
[18/Sep/2026 16:30:02,722] - Broken pipe from ('127.0.0.1', 62872)
[18/Sep/2026 16:30:05] "GET /api/chat/history/?session_id=16 HTTP/1.1" 200 22030
[18/Sep/2026 16:30:05] "POST /api/chat/mark-read/ HTTP/1.1" 200 17
[18/Sep/2026 16:30:06] "GET /staff/chat/16/ HTTP/1.1" 302 0
[18/Sep/2026 16:30:20,318] - Broken pipe from ('127.0.0.1', 50148)
[18/Sep/2026 16:30:24] "GET /api/chat/quick-replies/ HTTP/1.1" 302 0
[18/Sep/2026 16:30:24] "GET /staff/chat/16/ HTTP/1.1" 302 0
[18/Sep/2026 16:30:24] "GET /staff/chat/ HTTP/1.1" 302 0
[18/Sep/2026 16:31:04] "GET /api/chat/history/?session_id=16 HTTP/1.1" 200 22030
[18/Sep/2026 16:31:04] "POST /api/chat/mark-read/ HTTP/1.1" 200 17
[18/Sep/2026 16:31:21] "GET /staff/chat/16/ HTTP/1.1" 200 335038
[18/Sep/2026 16:31:21] "GET /static/css/admin_chat.css?v=20260918a HTTP/1.1" 304 0
[18/Sep/2026 16:31:21] "GET /api/chat/quick-replies/ HTTP/1.1" 200 21
[18/Sep/2026 16:31:21] "GET /staff/chat/poll/?session_id=16&after_id=0 HTTP/1.1" 200 34417
[18/Sep/2026 16:31:25] "GET /staff/chat/poll/?session_id=16&after_id=0 HTTP/1.1" 200 34417
[18/Sep/2026 16:31:29] "GET /staff/chat/poll/?session_id=16&after_id=0 HTTP/1.1" 200 34417
[18/Sep/2026 16:31:33] "GET /staff/chat/poll/?session_id=16&after_id=0 HTTP/1.1" 200 34417
[18/Sep/2026 16:31:35] "GET /staff/chat/ HTTP/1.1" 200 116531
[18/Sep/2026 16:31:38] "GET /staff/chat/16/ HTTP/1.1" 200 335038
[18/Sep/2026 16:31:38] "GET /api/chat/quick-replies/ HTTP/1.1" 200 21
[18/Sep/2026 16:31:38] "GET /staff/chat/poll/?session_id=16&after_id=0 HTTP/1.1" 200 34417
[18/Sep/2026 16:31:42] "GET /staff/chat/poll/?session_id=16&after_id=0 HTTP/1.1" 200 34417
[18/Sep/2026 16:31:42] "POST /api/chat/quick-replies/create/ HTTP/1.1" 200 64
[18/Sep/2026 16:31:46] "GET /staff/chat/poll/?session_id=16&after_id=0 HTTP/1.1" 200 34417
[18/Sep/2026 16:31:49] "GET /api/chat/history/?session_id=16 HTTP/1.1" 200 22029
[18/Sep/2026 16:31:49] "POST /api/chat/mark-read/ HTTP/1.1" 200 17
[18/Sep/2026 16:31:50] "GET /my-payments/?tab=payment_history HTTP/1.1" 200 195847
[18/Sep/2026 16:31:50] "GET /static/css/client_payment.css?v=20260918d HTTP/1.1" 304 0
[18/Sep/2026 16:31:50] "GET /api/chat/sessions/?mode=admin HTTP/1.1" 200 244
[18/Sep/2026 16:31:50] "GET /api/chat/history/?session_id=16 HTTP/1.1" 200 22029
[18/Sep/2026 16:31:50] "GET /staff/chat/poll/?session_id=16&after_id=0 HTTP/1.1" 200 34417
[18/Sep/2026 16:31:52] "GET /api/chat/history/?session_id=16 HTTP/1.1" 200 22029
[18/Sep/2026 16:31:52] "POST /api/chat/mark-read/ HTTP/1.1" 200 17
[18/Sep/2026 16:31:54] "POST /api/chat/typing-ping/ HTTP/1.1" 200 17
[18/Sep/2026 16:31:54] "GET /staff/chat/poll/?session_id=16&after_id=0 HTTP/1.1" 200 34416
[18/Sep/2026 16:31:57] "GET /api/chat/history/?session_id=16 HTTP/1.1" 200 22029
[18/Sep/2026 16:31:57] "POST /api/chat/mark-read/ HTTP/1.1" 200 17
[18/Sep/2026 16:31:57] "GET /my-payments/?tab=payment_history HTTP/1.1" 200 195847
[18/Sep/2026 16:31:57] "GET /static/css/notifications.css?v=20260914a HTTP/1.1" 200 8715
[18/Sep/2026 16:31:57] "GET /static/js/theme-toggle.js HTTP/1.1" 200 8540
[18/Sep/2026 16:31:57] "GET /static/images/facebook.png HTTP/1.1" 200 1557
[18/Sep/2026 16:31:57] "GET /static/css/client_admin_chat_widget.css?v=20260911i HTTP/1.1" 200 32270
[18/Sep/2026 16:31:57] "GET /static/css/base.css?v=20260914b HTTP/1.1" 200 136808
[18/Sep/2026 16:31:57] "GET /static/css/client_payment.css?v=20260918d HTTP/1.1" 200 73452
[18/Sep/2026 16:31:57] "GET /static/images/BalloorinaLogo1.png HTTP/1.1" 200 82825
[18/Sep/2026 16:31:57] "GET /static/images/instagram.png HTTP/1.1" 200 1829
[18/Sep/2026 16:31:57] "GET /static/js/client_admin_chat_widget.js HTTP/1.1" 200 34683
[18/Sep/2026 16:31:58] "GET /my-payments/?tab=payment_history HTTP/1.1" 200 195847
[18/Sep/2026 16:31:58] "GET /static/css/notifications.css?v=20260914a HTTP/1.1" 200 8715
[18/Sep/2026 16:31:58] "GET /static/js/theme-toggle.js HTTP/1.1" 200 8540
[18/Sep/2026 16:31:58] "GET /static/css/client_admin_chat_widget.css?v=20260911i HTTP/1.1" 200 32270
[18/Sep/2026 16:31:58] "GET /static/images/BalloorinaLogo1.png HTTP/1.1" 200 82825
[18/Sep/2026 16:31:58] "GET /static/css/base.css?v=20260914b HTTP/1.1" 200 136808
[18/Sep/2026 16:31:58] "GET /static/css/client_payment.css?v=20260918d HTTP/1.1" 200 73452
[18/Sep/2026 16:31:58] "GET /static/images/facebook.png HTTP/1.1" 200 1557
[18/Sep/2026 16:31:58] "GET /static/images/instagram.png HTTP/1.1" 200 1829
[18/Sep/2026 16:31:58] "GET /static/js/client_admin_chat_widget.js HTTP/1.1" 200 34683
[18/Sep/2026 16:31:58] "GET /staff/chat/poll/?session_id=16&after_id=0 HTTP/1.1" 200 34416
[18/Sep/2026 16:32:00] "GET /api/chat/sessions/?mode=admin HTTP/1.1" 200 244
[18/Sep/2026 16:32:00] "GET /api/chat/history/?session_id=16 HTTP/1.1" 200 22029
[18/Sep/2026 16:32:00] "GET /media/chat_attachments/2026/09/r1.png HTTP/1.1" 200 70615
[18/Sep/2026 16:32:00] "GET /media/chat_attachments/2026/09/r3.png HTTP/1.1" 200 69433
[18/Sep/2026 16:32:00] "GET /media/chat_attachments/2026/09/r4.png HTTP/1.1" 200 70427
[18/Sep/2026 16:32:00] "GET /media/chat_attachments/2026/09/r2_sM1605a.png HTTP/1.1" 200 69770
[18/Sep/2026 16:32:00] "GET /media/chat_attachments/2026/09/r1_KBXUmhF.png HTTP/1.1" 200 70615
[18/Sep/2026 16:32:00] "GET /media/chat_attachments/2026/09/r2.png HTTP/1.1" 200 69770
[18/Sep/2026 16:32:00] "GET /media/chat_attachments/2026/09/r4_4aQstmW.png HTTP/1.1" 200 70427
[18/Sep/2026 16:32:00] "GET /media/chat_attachments/2026/09/Gemini_Generated_Image_q295icq295icq295.png HTTP/1.1" 200 1663308
Not Found: /favicon.ico
[18/Sep/2026 16:32:01] "GET /favicon.ico HTTP/1.1" 404 34991
[18/Sep/2026 16:32:02] "GET /staff/chat/poll/?session_id=16&after_id=0 HTTP/1.1" 200 34417
[18/Sep/2026 16:32:06] "GET /staff/chat/poll/?session_id=16&after_id=0 HTTP/1.1" 200 34417
[18/Sep/2026 16:32:07] "GET /api/chat/sessions/?mode=admin HTTP/1.1" 200 244
[18/Sep/2026 16:32:10] "GET /staff/chat/poll/?session_id=16&after_id=0 HTTP/1.1" 200 34417
[18/Sep/2026 16:32:14] "GET /staff/chat/poll/?session_id=16&after_id=0 HTTP/1.1" 200 34417
[18/Sep/2026 16:32:14] "GET /api/chat/sessions/?mode=admin HTTP/1.1" 200 244
[18/Sep/2026 16:32:18] "GET /my-payments/?tab=payment_history HTTP/1.1" 200 195858
[18/Sep/2026 16:32:18] "GET /static/css/notifications.css?v=20260914a HTTP/1.1" 200 8715
[18/Sep/2026 16:32:18] "GET /static/js/theme-toggle.js HTTP/1.1" 200 8540
[18/Sep/2026 16:32:18] "GET /static/css/client_admin_chat_widget.css?v=20260911i HTTP/1.1" 200 32270
[18/Sep/2026 16:32:18] "GET /static/css/client_payment.css?v=20260918d HTTP/1.1" 200 73452
[18/Sep/2026 16:32:18] "GET /static/images/BalloorinaLogo1.png HTTP/1.1" 200 82825
[18/Sep/2026 16:32:18] "GET /static/css/base.css?v=20260914b HTTP/1.1" 200 136808
[18/Sep/2026 16:32:18] "GET /static/images/facebook.png HTTP/1.1" 200 1557
[18/Sep/2026 16:32:18] "GET /static/images/instagram.png HTTP/1.1" 200 1829
[18/Sep/2026 16:32:18] "GET /static/js/client_admin_chat_widget.js HTTP/1.1" 200 34683
[18/Sep/2026 16:32:18] "GET /api/chat/sessions/?mode=admin HTTP/1.1" 200 244
[18/Sep/2026 16:32:18] "GET /api/chat/history/?session_id=16 HTTP/1.1" 200 22029
[18/Sep/2026 16:32:18] "GET /media/chat_attachments/2026/09/r1.png HTTP/1.1" 200 70615
[18/Sep/2026 16:32:18] "GET /media/chat_attachments/2026/09/r3.png HTTP/1.1" 200 69433
[18/Sep/2026 16:32:18] "GET /media/chat_attachments/2026/09/r1_KBXUmhF.png HTTP/1.1" 200 70615
[18/Sep/2026 16:32:18] "GET /media/chat_attachments/2026/09/r4.png HTTP/1.1" 200 70427
[18/Sep/2026 16:32:18] "GET /media/chat_attachments/2026/09/r2.png HTTP/1.1" 200 69770
[18/Sep/2026 16:32:18] "GET /media/chat_attachments/2026/09/r2_sM1605a.png HTTP/1.1" 200 69770
[18/Sep/2026 16:32:18] "GET /media/chat_attachments/2026/09/r4_4aQstmW.png HTTP/1.1" 200 70427
[18/Sep/2026 16:32:18] "GET /media/chat_attachments/2026/09/Gemini_Generated_Image_q295icq295icq295.png HTTP/1.1" 200 1663308
[18/Sep/2026 16:32:18] "GET /staff/chat/poll/?session_id=16&after_id=0 HTTP/1.1" 200 34417
Not Found: /favicon.ico
[18/Sep/2026 16:32:19] "GET /favicon.ico HTTP/1.1" 404 34991
[18/Sep/2026 16:32:20] "GET /api/chat/history/?session_id=16 HTTP/1.1" 200 22029
[18/Sep/2026 16:32:20] "POST /api/chat/mark-read/ HTTP/1.1" 200 17
[18/Sep/2026 16:32:22] "GET /staff/chat/poll/?session_id=16&after_id=0 HTTP/1.1" 200 34417
[18/Sep/2026 16:32:26] "GET /api/chat/history/?session_id=16 HTTP/1.1" 200 22029
[18/Sep/2026 16:32:26] "POST /api/chat/mark-read/ HTTP/1.1" 200 17
[18/Sep/2026 16:32:26] "GET /staff/chat/poll/?session_id=16&after_id=0 HTTP/1.1" 200 34417
[18/Sep/2026 16:32:30] "GET /staff/chat/poll/?session_id=16&after_id=0 HTTP/1.1" 200 34417
[18/Sep/2026 16:32:33] "GET /api/chat/history/?session_id=16 HTTP/1.1" 200 22029
[18/Sep/2026 16:32:33] "POST /api/chat/mark-read/ HTTP/1.1" 200 17
[18/Sep/2026 16:32:34] "GET /staff/chat/poll/?session_id=16&after_id=0 HTTP/1.1" 200 34417
[18/Sep/2026 16:32:38] "GET /staff/chat/poll/?session_id=16&after_id=0 HTTP/1.1" 200 34417
[18/Sep/2026 16:32:40] "GET /api/chat/history/?session_id=16 HTTP/1.1" 200 22029
[18/Sep/2026 16:32:40] "POST /api/chat/mark-read/ HTTP/1.1" 200 17
[18/Sep/2026 16:32:42] "GET /staff/chat/poll/?session_id=16&after_id=0 HTTP/1.1" 200 34417
[18/Sep/2026 16:32:46] "GET /staff/chat/poll/?session_id=16&after_id=0 HTTP/1.1" 200 34417
[18/Sep/2026 16:32:46] "GET /api/chat/history/?session_id=16 HTTP/1.1" 200 22029
[18/Sep/2026 16:32:47] "POST /api/chat/mark-read/ HTTP/1.1" 200 17
[18/Sep/2026 16:32:50] "GET /staff/chat/poll/?session_id=16&after_id=0 HTTP/1.1" 200 34417
[18/Sep/2026 16:32:54] "GET /api/chat/history/?session_id=16 HTTP/1.1" 200 22029
[18/Sep/2026 16:32:54] "POST /api/chat/mark-read/ HTTP/1.1" 200 17
[18/Sep/2026 16:32:54] "GET /staff/chat/poll/?session_id=16&after_id=0 HTTP/1.1" 200 34417
[18/Sep/2026 16:32:58] "GET /staff/chat/poll/?session_id=16&after_id=0 HTTP/1.1" 200 34417
[18/Sep/2026 16:33:01] "GET /api/chat/history/?session_id=16 HTTP/1.1" 200 22029
[18/Sep/2026 16:33:01] "POST /api/chat/mark-read/ HTTP/1.1" 200 17
[18/Sep/2026 16:33:05] "GET /staff/chat/poll/?session_id=16&after_id=0 HTTP/1.1" 200 34417
[18/Sep/2026 16:33:07] "GET /staff/chat/poll/?session_id=16&after_id=0 HTTP/1.1" 200 34417
[18/Sep/2026 16:33:08] "GET /api/chat/history/?session_id=16 HTTP/1.1" 200 22029
[18/Sep/2026 16:33:08] "POST /api/chat/mark-read/ HTTP/1.1" 200 17
[18/Sep/2026 16:33:10] "GET /staff/chat/poll/?session_id=16&after_id=0 HTTP/1.1" 200 34417
[18/Sep/2026 16:33:15] "GET /api/chat/history/?session_id=16 HTTP/1.1" 200 22029
[18/Sep/2026 16:33:15] "POST /api/chat/mark-read/ HTTP/1.1" 200 17
[18/Sep/2026 16:33:15] "POST /api/chat/quick-replies/delete/ HTTP/1.1" 200 38
[18/Sep/2026 16:33:15] "GET /staff/chat/poll/?session_id=16&after_id=0 HTTP/1.1" 200 34417
[18/Sep/2026 16:33:18] "GET /staff/chat/poll/?session_id=16&after_id=0 HTTP/1.1" 200 34417
[18/Sep/2026 16:33:22] "GET /api/chat/history/?session_id=16 HTTP/1.1" 200 22029
[18/Sep/2026 16:33:22] "POST /api/chat/mark-read/ HTTP/1.1" 200 17
[18/Sep/2026 16:33:22] "GET /staff/chat/poll/?session_id=16&after_id=0 HTTP/1.1" 200 34417
[18/Sep/2026 16:33:26] "GET /staff/chat/poll/?session_id=16&after_id=0 HTTP/1.1" 200 34417
[18/Sep/2026 16:33:27] "GET /my-payments/?tab=payment_history HTTP/1.1" 200 195859
[18/Sep/2026 16:33:27] "GET /api/chat/sessions/?mode=admin HTTP/1.1" 200 244
[18/Sep/2026 16:33:27] "GET /api/chat/history/?session_id=16 HTTP/1.1" 200 22029
[18/Sep/2026 16:33:29] "GET /api/chat/history/?session_id=16 HTTP/1.1" 200 22029
[18/Sep/2026 16:33:29] "POST /api/chat/mark-read/ HTTP/1.1" 200 17
[18/Sep/2026 16:33:30] "GET /staff/chat/poll/?session_id=16&after_id=0 HTTP/1.1" 200 34417
[18/Sep/2026 16:33:31] "GET /my-payments/?tab=payment_history HTTP/1.1" 200 195859
[18/Sep/2026 16:33:31] "GET /static/css/notifications.css?v=20260914a HTTP/1.1" 200 8715
[18/Sep/2026 16:33:31] "GET /static/js/theme-toggle.js HTTP/1.1" 200 8540
[18/Sep/2026 16:33:31] "GET /static/css/client_admin_chat_widget.css?v=20260911i HTTP/1.1" 200 32270
[18/Sep/2026 16:33:31] "GET /static/css/client_payment.css?v=20260918d HTTP/1.1" 200 73452
[18/Sep/2026 16:33:31] "GET /static/images/BalloorinaLogo1.png HTTP/1.1" 200 82825
[18/Sep/2026 16:33:31] "GET /static/images/facebook.png HTTP/1.1" 200 1557
[18/Sep/2026 16:33:31] "GET /static/css/base.css?v=20260914b HTTP/1.1" 200 136808
[18/Sep/2026 16:33:31] "GET /static/images/instagram.png HTTP/1.1" 200 1829
[18/Sep/2026 16:33:31] "GET /static/js/client_admin_chat_widget.js HTTP/1.1" 200 34683
[18/Sep/2026 16:33:31] "GET /api/chat/sessions/?mode=admin HTTP/1.1" 200 244
[18/Sep/2026 16:33:31] "GET /api/chat/history/?session_id=16 HTTP/1.1" 200 22029
[18/Sep/2026 16:33:31] "GET /media/chat_attachments/2026/09/r3.png HTTP/1.1" 200 69433
[18/Sep/2026 16:33:31] "GET /media/chat_attachments/2026/09/r2_sM1605a.png HTTP/1.1" 200 69770
[18/Sep/2026 16:33:31] "GET /media/chat_attachments/2026/09/r1_KBXUmhF.png HTTP/1.1" 200 70615
[18/Sep/2026 16:33:31] "GET /media/chat_attachments/2026/09/r2.png HTTP/1.1" 200 69770
[18/Sep/2026 16:33:31] "GET /media/chat_attachments/2026/09/r4.png HTTP/1.1" 200 70427
[18/Sep/2026 16:33:31] "GET /media/chat_attachments/2026/09/r1.png HTTP/1.1" 200 70615
[18/Sep/2026 16:33:31] "GET /media/chat_attachments/2026/09/r4_4aQstmW.png HTTP/1.1" 200 70427
[18/Sep/2026 16:33:32] "GET /media/chat_attachments/2026/09/Gemini_Generated_Image_q295icq295icq295.png HTTP/1.1" 200 1663308
Not Found: /favicon.ico
[18/Sep/2026 16:33:32] "GET /favicon.ico HTTP/1.1" 404 34991
[18/Sep/2026 16:33:34] "GET /staff/chat/poll/?session_id=16&after_id=0 HTTP/1.1" 200 34417
[18/Sep/2026 16:33:37] "GET /staff/chat/ HTTP/1.1" 200 116531
[18/Sep/2026 16:33:37] "GET /static/css/admin_chat.css?v=20260918a HTTP/1.1" 304 0
[18/Sep/2026 16:33:38] "GET /api/chat/sessions/?mode=admin HTTP/1.1" 200 244
[18/Sep/2026 16:33:45] "GET /api/chat/sessions/?mode=admin HTTP/1.1" 200 244
[18/Sep/2026 16:33:47] "GET /api/staff/chat/unread/ HTTP/1.1" 200 39
[18/Sep/2026 16:33:52] "GET /api/chat/sessions/?mode=admin HTTP/1.1" 200 244
[18/Sep/2026 16:33:57] "GET /api/staff/chat/unread/ HTTP/1.1" 200 39
[18/Sep/2026 16:33:59] "GET /api/chat/sessions/?mode=admin HTTP/1.1" 200 244
[18/Sep/2026 16:34:06] "GET /api/chat/sessions/?mode=admin HTTP/1.1" 200 244
[18/Sep/2026 16:34:07] "GET /api/staff/chat/unread/ HTTP/1.1" 200 39
[18/Sep/2026 16:34:13] "GET /api/chat/sessions/?mode=admin HTTP/1.1" 200 244
[18/Sep/2026 16:34:15] "GET /api/chat/history/?session_id=16 HTTP/1.1" 200 22029
[18/Sep/2026 16:34:15] "POST /api/chat/mark-read/ HTTP/1.1" 200 17
[18/Sep/2026 16:34:19] "POST /api/chat/typing-ping/ HTTP/1.1" 200 17
[18/Sep/2026 16:34:20] "POST /api/chat/ HTTP/1.1" 200 164
[18/Sep/2026 16:34:20] "GET /api/chat/history/?session_id=16 HTTP/1.1" 200 22028
[18/Sep/2026 16:34:20] "POST /api/chat/mark-read/ HTTP/1.1" 200 17
[18/Sep/2026 16:34:20] "GET /api/chat/history/?session_id=16 HTTP/1.1" 200 22028
[18/Sep/2026 16:34:20] "POST /api/chat/mark-read/ HTTP/1.1" 200 17
[18/Sep/2026 16:34:23] "GET /staff/chat/ HTTP/1.1" 200 116701
[18/Sep/2026 16:34:28] "GET /api/chat/history/?session_id=16 HTTP/1.1" 200 22028
[18/Sep/2026 16:34:28] "POST /api/chat/mark-read/ HTTP/1.1" 200 17
[18/Sep/2026 16:34:34] "GET /api/chat/history/?session_id=16 HTTP/1.1" 200 22028
[18/Sep/2026 16:34:34] "POST /api/chat/mark-read/ HTTP/1.1" 200 17
[18/Sep/2026 16:34:42] "GET /api/chat/history/?session_id=16 HTTP/1.1" 200 22028
[18/Sep/2026 16:34:42] "POST /api/chat/mark-read/ HTTP/1.1" 200 17
[18/Sep/2026 16:34:44] "GET /api/staff/chat/unread/ HTTP/1.1" 200 39
[18/Sep/2026 16:34:48] "GET /api/chat/history/?session_id=16 HTTP/1.1" 200 22028
[18/Sep/2026 16:34:48] "POST /api/chat/mark-read/ HTTP/1.1" 200 17
[18/Sep/2026 16:34:54] "GET /api/staff/chat/unread/ HTTP/1.1" 200 39
[18/Sep/2026 16:34:56] "GET /api/chat/history/?session_id=16 HTTP/1.1" 200 22028
[18/Sep/2026 16:34:56] "POST /api/chat/mark-read/ HTTP/1.1" 200 17
[18/Sep/2026 16:35:03] "GET /api/chat/history/?session_id=16 HTTP/1.1" 200 22028
[18/Sep/2026 16:35:03] "POST /api/chat/mark-read/ HTTP/1.1" 200 17
[18/Sep/2026 16:35:10] "GET /api/chat/history/?session_id=16 HTTP/1.1" 200 22029
[18/Sep/2026 16:35:10] "POST /api/chat/mark-read/ HTTP/1.1" 200 17
[18/Sep/2026 16:35:16] "GET /api/chat/history/?session_id=16 HTTP/1.1" 200 22029
[18/Sep/2026 16:35:16] "POST /api/chat/mark-read/ HTTP/1.1" 200 17
[18/Sep/2026 16:35:44] "GET /api/staff/chat/unread/ HTTP/1.1" 200 39
[18/Sep/2026 16:35:54] "GET /api/staff/chat/unread/ HTTP/1.1" 200 39
[18/Sep/2026 16:36:04] "GET /api/staff/chat/unread/ HTTP/1.1" 200 39
[18/Sep/2026 16:36:05] "GET /api/chat/history/?session_id=16 HTTP/1.1" 200 22029
[18/Sep/2026 16:36:05] "POST /api/chat/mark-read/ HTTP/1.1" 200 17
[18/Sep/2026 16:37:04] "GET /api/chat/history/?session_id=16 HTTP/1.1" 200 22029
[18/Sep/2026 16:37:04] "POST /api/chat/mark-read/ HTTP/1.1" 200 17
[18/Sep/2026 16:38:04] "GET /api/chat/history/?session_id=16 HTTP/1.1" 200 22029
[18/Sep/2026 16:38:05] "POST /api/chat/mark-read/ HTTP/1.1" 200 17
[18/Sep/2026 16:38:24] "GET /api/staff/chat/unread/ HTTP/1.1" 200 39
[18/Sep/2026 16:38:34] "GET /api/staff/chat/unread/ HTTP/1.1" 200 39
[18/Sep/2026 16:38:34] "GET /staff/chat/16/ HTTP/1.1" 200 336704
[18/Sep/2026 16:38:34] "GET /static/css/admin_chat.css?v=20260918a HTTP/1.1" 304 0
[18/Sep/2026 16:38:34] "GET /api/chat/quick-replies/ HTTP/1.1" 200 21
[18/Sep/2026 16:38:34] "GET /staff/chat/poll/?session_id=16&after_id=0 HTTP/1.1" 200 34809
[18/Sep/2026 16:38:36] "GET /staff/chat/ HTTP/1.1" 200 116535
[18/Sep/2026 16:38:46] "GET /api/staff/chat/unread/ HTTP/1.1" 200 39
[18/Sep/2026 16:39:04] "GET /api/chat/history/?session_id=16 HTTP/1.1" 200 22042
[18/Sep/2026 16:39:05] "POST /api/chat/mark-read/ HTTP/1.1" 200 17
[18/Sep/2026 16:39:46] "GET /api/staff/chat/unread/ HTTP/1.1" 200 39
[18/Sep/2026 16:39:56] "GET /api/staff/chat/unread/ HTTP/1.1" 200 39
[18/Sep/2026 16:40:05] "GET /api/chat/history/?session_id=16 HTTP/1.1" 200 22043
[18/Sep/2026 16:40:05] "POST /api/chat/mark-read/ HTTP/1.1" 200 17
[18/Sep/2026 16:40:06] "GET /api/staff/chat/unread/ HTTP/1.1" 200 39
[18/Sep/2026 16:40:16] "GET /api/staff/chat/unread/ HTTP/1.1" 200 39
[18/Sep/2026 16:40:26] "GET /api/staff/chat/unread/ HTTP/1.1" 200 39
[18/Sep/2026 16:40:36] "GET /api/staff/chat/unread/ HTTP/1.1" 200 39
[18/Sep/2026 16:40:46] "GET /api/staff/chat/unread/ HTTP/1.1" 200 39
[18/Sep/2026 16:40:56] "GET /api/staff/chat/unread/ HTTP/1.1" 200 39
[18/Sep/2026 16:41:05] "GET /api/chat/history/?session_id=16 HTTP/1.1" 200 22043
[18/Sep/2026 16:41:05] "POST /api/chat/mark-read/ HTTP/1.1" 200 17
[18/Sep/2026 16:41:06] "GET /api/staff/chat/unread/ HTTP/1.1" 200 39
[18/Sep/2026 16:41:16] "GET /api/staff/chat/unread/ HTTP/1.1" 200 39
[18/Sep/2026 16:41:26] "GET /api/staff/chat/unread/ HTTP/1.1" 200 39
[18/Sep/2026 16:41:36] "GET /api/staff/chat/unread/ HTTP/1.1" 200 39
[18/Sep/2026 16:41:46] "GET /api/staff/chat/unread/ HTTP/1.1" 200 39
[18/Sep/2026 16:41:56] "GET /api/staff/chat/unread/ HTTP/1.1" 200 39
[18/Sep/2026 16:42:05] "GET /api/chat/history/?session_id=16 HTTP/1.1" 200 22043
[18/Sep/2026 16:42:05] "POST /api/chat/mark-read/ HTTP/1.1" 200 17
[18/Sep/2026 16:42:06] "GET /api/staff/chat/unread/ HTTP/1.1" 200 39
[18/Sep/2026 16:42:16] "GET /api/staff/chat/unread/ HTTP/1.1" 200 39
[18/Sep/2026 16:42:26] "GET /api/staff/chat/unread/ HTTP/1.1" 200 39
[18/Sep/2026 16:42:36] "GET /api/staff/chat/unread/ HTTP/1.1" 200 39
[18/Sep/2026 16:42:46] "GET /api/staff/chat/unread/ HTTP/1.1" 200 39
[18/Sep/2026 16:42:56] "GET /api/staff/chat/unread/ HTTP/1.1" 200 39
[18/Sep/2026 16:43:05] "GET /api/chat/history/?session_id=16 HTTP/1.1" 200 22043
[18/Sep/2026 16:43:05] "POST /api/chat/mark-read/ HTTP/1.1" 200 17
[18/Sep/2026 16:43:06] "GET /api/staff/chat/unread/ HTTP/1.1" 200 39
[18/Sep/2026 16:43:16] "GET /api/staff/chat/unread/ HTTP/1.1" 200 39
[18/Sep/2026 16:43:34] "GET /api/chat/history/?session_id=16 HTTP/1.1" 200 22043
[18/Sep/2026 16:43:34] "POST /api/chat/mark-read/ HTTP/1.1" 200 17
[18/Sep/2026 16:43:39] "GET /booking/ HTTP/1.1" 302 0
[18/Sep/2026 16:43:39] "GET /login/?next=/booking/ HTTP/1.1" 200 6299
Not Found: /favicon.ico
[18/Sep/2026 16:43:39] "GET /favicon.ico HTTP/1.1" 404 34991
[18/Sep/2026 16:43:40] "GET /api/chat/history/?session_id=16 HTTP/1.1" 200 22043
[18/Sep/2026 16:43:40] "POST /api/chat/mark-read/ HTTP/1.1" 200 17
[18/Sep/2026 16:43:48] "GET /api/chat/history/?session_id=16 HTTP/1.1" 200 22043
[18/Sep/2026 16:43:48] "POST /api/chat/mark-read/ HTTP/1.1" 200 17
[18/Sep/2026 16:43:55] "GET /api/chat/history/?session_id=16 HTTP/1.1" 200 22043
[18/Sep/2026 16:43:55] "POST /api/chat/mark-read/ HTTP/1.1" 200 17
[18/Sep/2026 16:44:02] "GET /api/chat/history/?session_id=16 HTTP/1.1" 200 22043
[18/Sep/2026 16:44:02] "POST /api/chat/mark-read/ HTTP/1.1" 200 17
[18/Sep/2026 16:44:08] "GET /api/chat/history/?session_id=16 HTTP/1.1" 200 22043
[18/Sep/2026 16:44:09] "POST /api/chat/mark-read/ HTTP/1.1" 200 17
[18/Sep/2026 16:44:15] "GET /api/chat/history/?session_id=16 HTTP/1.1" 200 22043
[18/Sep/2026 16:44:15] "POST /api/chat/mark-read/ HTTP/1.1" 200 17
[18/Sep/2026 16:44:22] "GET /api/chat/history/?session_id=16 HTTP/1.1" 200 22043
[18/Sep/2026 16:44:23] "POST /api/chat/mark-read/ HTTP/1.1" 200 17
[18/Sep/2026 16:44:29] "GET /api/chat/history/?session_id=16 HTTP/1.1" 200 22043
[18/Sep/2026 16:44:30] "POST /api/chat/mark-read/ HTTP/1.1" 200 17
[18/Sep/2026 16:45:05] "GET /api/chat/history/?session_id=16 HTTP/1.1" 200 22043
[18/Sep/2026 16:45:05] "POST /api/chat/mark-read/ HTTP/1.1" 200 17
[18/Sep/2026 16:46:05] "GET /api/chat/history/?session_id=16 HTTP/1.1" 200 22043
[18/Sep/2026 16:46:05] "POST /api/chat/mark-read/ HTTP/1.1" 200 17
[18/Sep/2026 16:47:04] "GET /api/chat/history/?session_id=16 HTTP/1.1" 200 22043
[18/Sep/2026 16:47:05] "POST /api/chat/mark-read/ HTTP/1.1" 200 17
[18/Sep/2026 16:48:00] "GET /api/chat/history/?session_id=16 HTTP/1.1" 200 22043
[18/Sep/2026 16:48:00] "POST /api/chat/mark-read/ HTTP/1.1" 200 17
[18/Sep/2026 16:48:02] "GET /api/staff/chat/unread/ HTTP/1.1" 200 39
[18/Sep/2026 16:48:06] "GET /api/staff/chat/unread/ HTTP/1.1" 200 39
[18/Sep/2026 16:48:07] "GET /api/chat/history/?session_id=16 HTTP/1.1" 200 22043
[18/Sep/2026 16:48:07] "POST /api/chat/mark-read/ HTTP/1.1" 200 17
[18/Sep/2026 16:48:13] "GET /api/chat/history/?session_id=16 HTTP/1.1" 200 22043
[18/Sep/2026 16:48:14] "POST /api/chat/mark-read/ HTTP/1.1" 200 17
[18/Sep/2026 16:48:20] "GET /api/chat/history/?session_id=16 HTTP/1.1" 200 22043
[18/Sep/2026 16:48:20] "POST /api/chat/mark-read/ HTTP/1.1" 200 17
[18/Sep/2026 16:48:27] "GET /api/chat/history/?session_id=16 HTTP/1.1" 200 22043
[18/Sep/2026 16:48:27] "POST /api/chat/mark-read/ HTTP/1.1" 200 17
[18/Sep/2026 16:48:35] "GET /api/chat/history/?session_id=16 HTTP/1.1" 200 22043
[18/Sep/2026 16:48:35] "POST /api/chat/mark-read/ HTTP/1.1" 200 17
[18/Sep/2026 16:48:36] "GET /api/staff/chat/unread/ HTTP/1.1" 200 39
[18/Sep/2026 16:48:41] "GET /api/chat/history/?session_id=16 HTTP/1.1" 200 22043
[18/Sep/2026 16:48:41] "POST /api/chat/mark-read/ HTTP/1.1" 200 17
[18/Sep/2026 16:48:48] "GET /api/chat/history/?session_id=16 HTTP/1.1" 200 22043
[18/Sep/2026 16:48:48] "POST /api/chat/mark-read/ HTTP/1.1" 200 17
[18/Sep/2026 16:48:55] "GET /api/chat/history/?session_id=16 HTTP/1.1" 200 22043
[18/Sep/2026 16:48:55] "POST /api/chat/mark-read/ HTTP/1.1" 200 17
[18/Sep/2026 16:49:03] "GET /api/chat/history/?session_id=16 HTTP/1.1" 200 22043
[18/Sep/2026 16:49:03] "POST /api/chat/mark-read/ HTTP/1.1" 200 17
[18/Sep/2026 16:49:09] "GET /api/chat/history/?session_id=16 HTTP/1.1" 200 22043
[18/Sep/2026 16:49:10] "POST /api/chat/mark-read/ HTTP/1.1" 200 17
[18/Sep/2026 16:49:17] "GET /api/chat/history/?session_id=16 HTTP/1.1" 200 22043
[18/Sep/2026 16:49:17] "POST /api/chat/mark-read/ HTTP/1.1" 200 17
[18/Sep/2026 16:49:24] "GET /api/chat/history/?session_id=16 HTTP/1.1" 200 22043
[18/Sep/2026 16:49:24] "POST /api/chat/mark-read/ HTTP/1.1" 200 17
[18/Sep/2026 16:49:31] "GET /api/chat/history/?session_id=16 HTTP/1.1" 200 22043
[18/Sep/2026 16:49:31] "POST /api/chat/mark-read/ HTTP/1.1" 200 17
[18/Sep/2026 16:49:37] "GET /api/chat/history/?session_id=16 HTTP/1.1" 200 22043
[18/Sep/2026 16:49:37] "POST /api/chat/mark-read/ HTTP/1.1" 200 17
[18/Sep/2026 16:50:04] "GET /api/chat/history/?session_id=16 HTTP/1.1" 200 22043
[18/Sep/2026 16:50:04] "POST /api/chat/mark-read/ HTTP/1.1" 200 17
[18/Sep/2026 16:51:04] "GET /api/chat/history/?session_id=16 HTTP/1.1" 200 22043
[18/Sep/2026 16:51:05] "POST /api/chat/mark-read/ HTTP/1.1" 200 17
[18/Sep/2026 16:52:05] "GET /api/chat/history/?session_id=16 HTTP/1.1" 200 22043
[18/Sep/2026 16:52:05] "POST /api/chat/mark-read/ HTTP/1.1" 200 17
[18/Sep/2026 16:53:05] "GET /api/chat/history/?session_id=16 HTTP/1.1" 200 22043
[18/Sep/2026 16:53:05] "POST /api/chat/mark-read/ HTTP/1.1" 200 17
C:\Users\Christian R\OneDrive\Desktop\Capstone---Updated-14\app\views.py changed, reloading.
Watching for file changes with StatReloader
System check identified some issues:

WARNINGS:
app.AboutContent: (models.W042) Auto-created primary key used when not defining a primary key type, by default 'django.db.models.AutoField'.
	HINT: Configure the DEFAULT_AUTO_FIELD setting or the AppConfig.default_auto_field attribute to point to a subclass of AutoField, e.g. 'django.db.models.BigAutoField'.
app.AboutJourneyItem: (models.W042) Auto-created primary key used when not defining a primary key type, by default 'django.db.models.AutoField'.
	HINT: Configure the DEFAULT_AUTO_FIELD setting or the AppConfig.default_auto_field attribute to point to a subclass of AutoField, e.g. 'django.db.models.BigAutoField'.
app.AboutValueItem: (models.W042) Auto-created primary key used when not defining a primary key type, by default 'django.db.models.AutoField'.
	HINT: Configure the DEFAULT_AUTO_FIELD setting or the AppConfig.default_auto_field attribute to point to a subclass of AutoField, e.g. 'django.db.models.BigAutoField'.
app.AddOn: (models.W042) Auto-created primary key used when not defining a primary key type, by default 'django.db.models.AutoField'.
	HINT: Configure the DEFAULT_AUTO_FIELD setting or the AppConfig.default_auto_field attribute to point to a subclass of AutoField, e.g. 'django.db.models.BigAutoField'.
app.AdditionalOnly: (models.W042) Auto-created primary key used when not defining a primary key type, by default 'django.db.models.AutoField'.
	HINT: Configure the DEFAULT_AUTO_FIELD setting or the AppConfig.default_auto_field attribute to point to a subclass of AutoField, e.g. 'django.db.models.BigAutoField'.
app.AdminNotification: (models.W042) Auto-created primary key used when not defining a primary key type, by default 'django.db.models.AutoField'.
	HINT: Configure the DEFAULT_AUTO_FIELD setting or the AppConfig.default_auto_field attribute to point to a subclass of AutoField, e.g. 'django.db.models.BigAutoField'.
app.AuditLog: (models.W042) Auto-created primary key used when not defining a primary key type, by default 'django.db.models.AutoField'.
	HINT: Configure the DEFAULT_AUTO_FIELD setting or the AppConfig.default_auto_field attribute to point to a subclass of AutoField, e.g. 'django.db.models.BigAutoField'.
app.BlockedDate: (models.W042) Auto-created primary key used when not defining a primary key type, by default 'django.db.models.AutoField'.
	HINT: Configure the DEFAULT_AUTO_FIELD setting or the AppConfig.default_auto_field attribute to point to a subclass of AutoField, e.g. 'django.db.models.BigAutoField'.
app.Booking: (models.W042) Auto-created primary key used when not defining a primary key type, by default 'django.db.models.AutoField'.
	HINT: Configure the DEFAULT_AUTO_FIELD setting or the AppConfig.default_auto_field attribute to point to a subclass of AutoField, e.g. 'django.db.models.BigAutoField'.
app.BookingImage: (models.W042) Auto-created primary key used when not defining a primary key type, by default 'django.db.models.AutoField'.
	HINT: Configure the DEFAULT_AUTO_FIELD setting or the AppConfig.default_auto_field attribute to point to a subclass of AutoField, e.g. 'django.db.models.BigAutoField'.
app.BookingStatusLog: (models.W042) Auto-created primary key used when not defining a primary key type, by default 'django.db.models.AutoField'.
	HINT: Configure the DEFAULT_AUTO_FIELD setting or the AppConfig.default_auto_field attribute to point to a subclass of AutoField, e.g. 'django.db.models.BigAutoField'.
app.CanvasAsset: (models.W042) Auto-created primary key used when not defining a primary key type, by default 'django.db.models.AutoField'.
	HINT: Configure the DEFAULT_AUTO_FIELD setting or the AppConfig.default_auto_field attribute to point to a subclass of AutoField, e.g. 'django.db.models.BigAutoField'.
app.CanvasCategory: (models.W042) Auto-created primary key used when not defining a primary key type, by default 'django.db.models.AutoField'.
	HINT: Configure the DEFAULT_AUTO_FIELD setting or the AppConfig.default_auto_field attribute to point to a subclass of AutoField, e.g. 'django.db.models.BigAutoField'.
app.CanvasLabel: (models.W042) Auto-created primary key used when not defining a primary key type, by default 'django.db.models.AutoField'.
	HINT: Configure the DEFAULT_AUTO_FIELD setting or the AppConfig.default_auto_field attribute to point to a subclass of AutoField, e.g. 'django.db.models.BigAutoField'.
app.ChatMessage: (models.W042) Auto-created primary key used when not defining a primary key type, by default 'django.db.models.AutoField'.
	HINT: Configure the DEFAULT_AUTO_FIELD setting or the AppConfig.default_auto_field attribute to point to a subclass of AutoField, e.g. 'django.db.models.BigAutoField'.
app.ChatModerationEvent: (models.W042) Auto-created primary key used when not defining a primary key type, by default 'django.db.models.AutoField'.
	HINT: Configure the DEFAULT_AUTO_FIELD setting or the AppConfig.default_auto_field attribute to point to a subclass of AutoField, e.g. 'django.db.models.BigAutoField'.
app.ChatModerationState: (models.W042) Auto-created primary key used when not defining a primary key type, by default 'django.db.models.AutoField'.
	HINT: Configure the DEFAULT_AUTO_FIELD setting or the AppConfig.default_auto_field attribute to point to a subclass of AutoField, e.g. 'django.db.models.BigAutoField'.
app.ChatNotification: (models.W042) Auto-created primary key used when not defining a primary key type, by default 'django.db.models.AutoField'.
	HINT: Configure the DEFAULT_AUTO_FIELD setting or the AppConfig.default_auto_field attribute to point to a subclass of AutoField, e.g. 'django.db.models.BigAutoField'.
app.ChatSession: (models.W042) Auto-created primary key used when not defining a primary key type, by default 'django.db.models.AutoField'.
	HINT: Configure the DEFAULT_AUTO_FIELD setting or the AppConfig.default_auto_field attribute to point to a subclass of AutoField, e.g. 'django.db.models.BigAutoField'.
app.ConcernImage: (models.W042) Auto-created primary key used when not defining a primary key type, by default 'django.db.models.AutoField'.
	HINT: Configure the DEFAULT_AUTO_FIELD setting or the AppConfig.default_auto_field attribute to point to a subclass of AutoField, e.g. 'django.db.models.BigAutoField'.
app.ConcernTicket: (models.W042) Auto-created primary key used when not defining a primary key type, by default 'django.db.models.AutoField'.
	HINT: Configure the DEFAULT_AUTO_FIELD setting or the AppConfig.default_auto_field attribute to point to a subclass of AutoField, e.g. 'django.db.models.BigAutoField'.
app.Design: (models.W042) Auto-created primary key used when not defining a primary key type, by default 'django.db.models.AutoField'.
	HINT: Configure the DEFAULT_AUTO_FIELD setting or the AppConfig.default_auto_field attribute to point to a subclass of AutoField, e.g. 'django.db.models.BigAutoField'.
app.GCashConfig: (models.W042) Auto-created primary key used when not defining a primary key type, by default 'django.db.models.AutoField'.
	HINT: Configure the DEFAULT_AUTO_FIELD setting or the AppConfig.default_auto_field attribute to point to a subclass of AutoField, e.g. 'django.db.models.BigAutoField'.
app.GalleryCategory: (models.W042) Auto-created primary key used when not defining a primary key type, by default 'django.db.models.AutoField'.
	HINT: Configure the DEFAULT_AUTO_FIELD setting or the AppConfig.default_auto_field attribute to point to a subclass of AutoField, e.g. 'django.db.models.BigAutoField'.
app.GalleryImage: (models.W042) Auto-created primary key used when not defining a primary key type, by default 'django.db.models.AutoField'.
	HINT: Configure the DEFAULT_AUTO_FIELD setting or the AppConfig.default_auto_field attribute to point to a subclass of AutoField, e.g. 'django.db.models.BigAutoField'.
app.GuidelineItem: (models.W042) Auto-created primary key used when not defining a primary key type, by default 'django.db.models.AutoField'.
	HINT: Configure the DEFAULT_AUTO_FIELD setting or the AppConfig.default_auto_field attribute to point to a subclass of AutoField, e.g. 'django.db.models.BigAutoField'.
app.GuidelinePageContent: (models.W042) Auto-created primary key used when not defining a primary key type, by default 'django.db.models.AutoField'.
	HINT: Configure the DEFAULT_AUTO_FIELD setting or the AppConfig.default_auto_field attribute to point to a subclass of AutoField, e.g. 'django.db.models.BigAutoField'.
app.HomeContent: (models.W042) Auto-created primary key used when not defining a primary key type, by default 'django.db.models.AutoField'.
	HINT: Configure the DEFAULT_AUTO_FIELD setting or the AppConfig.default_auto_field attribute to point to a subclass of AutoField, e.g. 'django.db.models.BigAutoField'.
app.HomeFaqItem: (models.W042) Auto-created primary key used when not defining a primary key type, by default 'django.db.models.AutoField'.
	HINT: Configure the DEFAULT_AUTO_FIELD setting or the AppConfig.default_auto_field attribute to point to a subclass of AutoField, e.g. 'django.db.models.BigAutoField'.
app.HomeFeatureItem: (models.W042) Auto-created primary key used when not defining a primary key type, by default 'django.db.models.AutoField'.
	HINT: Configure the DEFAULT_AUTO_FIELD setting or the AppConfig.default_auto_field attribute to point to a subclass of AutoField, e.g. 'django.db.models.BigAutoField'.
app.HomeHowItWorksStep: (models.W042) Auto-created primary key used when not defining a primary key type, by default 'django.db.models.AutoField'.
	HINT: Configure the DEFAULT_AUTO_FIELD setting or the AppConfig.default_auto_field attribute to point to a subclass of AutoField, e.g. 'django.db.models.BigAutoField'.
app.MessageReaction: (models.W042) Auto-created primary key used when not defining a primary key type, by default 'django.db.models.AutoField'.
	HINT: Configure the DEFAULT_AUTO_FIELD setting or the AppConfig.default_auto_field attribute to point to a subclass of AutoField, e.g. 'django.db.models.BigAutoField'.
app.Notification: (models.W042) Auto-created primary key used when not defining a primary key type, by default 'django.db.models.AutoField'.
	HINT: Configure the DEFAULT_AUTO_FIELD setting or the AppConfig.default_auto_field attribute to point to a subclass of AutoField, e.g. 'django.db.models.BigAutoField'.
app.Package: (models.W042) Auto-created primary key used when not defining a primary key type, by default 'django.db.models.AutoField'.
	HINT: Configure the DEFAULT_AUTO_FIELD setting or the AppConfig.default_auto_field attribute to point to a subclass of AutoField, e.g. 'django.db.models.BigAutoField'.
app.Payment: (models.W042) Auto-created primary key used when not defining a primary key type, by default 'django.db.models.AutoField'.
	HINT: Configure the DEFAULT_AUTO_FIELD setting or the AppConfig.default_auto_field attribute to point to a subclass of AutoField, e.g. 'django.db.models.BigAutoField'.
app.QuickReply: (models.W042) Auto-created primary key used when not defining a primary key type, by default 'django.db.models.AutoField'.
	HINT: Configure the DEFAULT_AUTO_FIELD setting or the AppConfig.default_auto_field attribute to point to a subclass of AutoField, e.g. 'django.db.models.BigAutoField'.
app.Review: (models.W042) Auto-created primary key used when not defining a primary key type, by default 'django.db.models.AutoField'.
	HINT: Configure the DEFAULT_AUTO_FIELD setting or the AppConfig.default_auto_field attribute to point to a subclass of AutoField, e.g. 'django.db.models.BigAutoField'.
app.ReviewImage: (models.W042) Auto-created primary key used when not defining a primary key type, by default 'django.db.models.AutoField'.
	HINT: Configure the DEFAULT_AUTO_FIELD setting or the AppConfig.default_auto_field attribute to point to a subclass of AutoField, e.g. 'django.db.models.BigAutoField'.
app.ReviewReply: (models.W042) Auto-created primary key used when not defining a primary key type, by default 'django.db.models.AutoField'.
	HINT: Configure the DEFAULT_AUTO_FIELD setting or the AppConfig.default_auto_field attribute to point to a subclass of AutoField, e.g. 'django.db.models.BigAutoField'.
app.Service: (models.W042) Auto-created primary key used when not defining a primary key type, by default 'django.db.models.AutoField'.
	HINT: Configure the DEFAULT_AUTO_FIELD setting or the AppConfig.default_auto_field attribute to point to a subclass of AutoField, e.g. 'django.db.models.BigAutoField'.
app.ServiceChargeConfig: (models.W042) Auto-created primary key used when not defining a primary key type, by default 'django.db.models.AutoField'.
	HINT: Configure the DEFAULT_AUTO_FIELD setting or the AppConfig.default_auto_field attribute to point to a subclass of AutoField, e.g. 'django.db.models.BigAutoField'.
app.ServiceContent: (models.W042) Auto-created primary key used when not defining a primary key type, by default 'django.db.models.AutoField'.
	HINT: Configure the DEFAULT_AUTO_FIELD setting or the AppConfig.default_auto_field attribute to point to a subclass of AutoField, e.g. 'django.db.models.BigAutoField'.
app.SiteSettings: (models.W042) Auto-created primary key used when not defining a primary key type, by default 'django.db.models.AutoField'.
	HINT: Configure the DEFAULT_AUTO_FIELD setting or the AppConfig.default_auto_field attribute to point to a subclass of AutoField, e.g. 'django.db.models.BigAutoField'.
app.User: (models.W042) Auto-created primary key used when not defining a primary key type, by default 'django.db.models.AutoField'.
	HINT: Configure the DEFAULT_AUTO_FIELD setting or the AppConfig.default_auto_field attribute to point to a subclass of AutoField, e.g. 'django.db.models.BigAutoField'.
app.UserDesign: (models.W042) Auto-created primary key used when not defining a primary key type, by default 'django.db.models.AutoField'.
	HINT: Configure the DEFAULT_AUTO_FIELD setting or the AppConfig.default_auto_field attribute to point to a subclass of AutoField, e.g. 'django.db.models.BigAutoField'.

System check identified 45 issues (0 silenced).
[18/Sep/2026 16:54:04] "GET /api/chat/history/?session_id=16 HTTP/1.1" 200 22043
[18/Sep/2026 16:54:05] "POST /api/chat/mark-read/ HTTP/1.1" 200 17
[18/Sep/2026 16:55:04] "GET /api/chat/history/?session_id=16 HTTP/1.1" 200 22043
[18/Sep/2026 16:55:04] "POST /api/chat/mark-read/ HTTP/1.1" 200 17
[18/Sep/2026 16:56:04] "GET /api/chat/history/?session_id=16 HTTP/1.1" 200 22043
[18/Sep/2026 16:56:04] "POST /api/chat/mark-read/ HTTP/1.1" 200 17
[18/Sep/2026 16:57:04] "GET /api/chat/history/?session_id=16 HTTP/1.1" 200 22043
[18/Sep/2026 16:57:04] "POST /api/chat/mark-read/ HTTP/1.1" 200 17
[18/Sep/2026 16:58:04] "GET /api/chat/history/?session_id=16 HTTP/1.1" 200 22043
[18/Sep/2026 16:58:04] "POST /api/chat/mark-read/ HTTP/1.1" 200 17
[18/Sep/2026 16:59:04] "GET /api/chat/history/?session_id=16 HTTP/1.1" 200 22043
[18/Sep/2026 16:59:05] "POST /api/chat/mark-read/ HTTP/1.1" 200 17
[18/Sep/2026 17:00:04] "GET /api/chat/history/?session_id=16 HTTP/1.1" 200 22043
[18/Sep/2026 17:00:05] "POST /api/chat/mark-read/ HTTP/1.1" 200 17
[18/Sep/2026 17:01:04] "GET /api/chat/history/?session_id=16 HTTP/1.1" 200 22043
[18/Sep/2026 17:01:04] "POST /api/chat/mark-read/ HTTP/1.1" 200 17
[18/Sep/2026 17:02:04] "GET /api/chat/history/?session_id=16 HTTP/1.1" 200 22043
[18/Sep/2026 17:02:04] "POST /api/chat/mark-read/ HTTP/1.1" 200 17
[18/Sep/2026 17:03:04] "GET /api/chat/history/?session_id=16 HTTP/1.1" 200 22043
[18/Sep/2026 17:03:04] "POST /api/chat/mark-read/ HTTP/1.1" 200 17
Not Found: /api/chat/quick-replies/
[18/Sep/2026 17:03:23] "GET /api/chat/quick-replies/ HTTP/1.1" 404 34412
[18/Sep/2026 17:03:23] "GET /staff/chat/ HTTP/1.1" 302 0
[18/Sep/2026 17:03:23] "GET /staff/chat/16/ HTTP/1.1" 302 0
[18/Sep/2026 17:07:03] "GET /api/staff/chat/unread/ HTTP/1.1" 200 39
[18/Sep/2026 17:07:05] "GET /staff/chat/16/ HTTP/1.1" 200 331265
[18/Sep/2026 17:07:06] "GET /static/css/admin_chat.css?v=20260918b HTTP/1.1" 200 87442
[18/Sep/2026 17:07:06] "GET /staff/chat/poll/?session_id=16&after_id=0 HTTP/1.1" 200 34810
[18/Sep/2026 17:07:10] "GET /staff/chat/poll/?session_id=16&after_id=0 HTTP/1.1" 200 34810
[18/Sep/2026 17:07:14] "GET /staff/chat/poll/?session_id=16&after_id=0 HTTP/1.1" 200 34810
[18/Sep/2026 17:07:18] "GET /staff/chat/poll/?session_id=16&after_id=0 HTTP/1.1" 200 34810
[18/Sep/2026 17:07:22] "GET /staff/chat/poll/?session_id=16&after_id=0 HTTP/1.1" 200 34810
[18/Sep/2026 17:07:26] "GET /staff/chat/poll/?session_id=16&after_id=0 HTTP/1.1" 200 34810
[18/Sep/2026 17:07:30] "GET /staff/chat/poll/?session_id=16&after_id=0 HTTP/1.1" 200 34810
[18/Sep/2026 17:07:34] "GET /staff/chat/poll/?session_id=16&after_id=0 HTTP/1.1" 200 34810
[18/Sep/2026 17:07:38] "GET /staff/chat/poll/?session_id=16&after_id=0 HTTP/1.1" 200 34810
[18/Sep/2026 17:07:42] "GET /staff/chat/poll/?session_id=16&after_id=0 HTTP/1.1" 200 34810
[18/Sep/2026 17:07:45] "GET /staff/chat/ HTTP/1.1" 200 116589
[18/Sep/2026 17:07:45] "GET /static/css/admin_chat.css?v=20260918b HTTP/1.1" 304 0
[18/Sep/2026 17:07:47] "GET /staff/chat/ HTTP/1.1" 200 116589
[18/Sep/2026 17:07:47] "GET /static/css/admin_base.css?v=20260916h HTTP/1.1" 200 33531
[18/Sep/2026 17:07:47] "GET /static/js/theme-toggle.js HTTP/1.1" 200 8540
[18/Sep/2026 17:07:47] "GET /static/css/admin_light_mode.css?v=20260917d HTTP/1.1" 200 35726
[18/Sep/2026 17:07:47] "GET /static/css/admin_chat.css?v=20260918b HTTP/1.1" 200 87442
[18/Sep/2026 17:07:47] "GET /static/images/BalloorinaLogo1.png HTTP/1.1" 200 82825
Not Found: /favicon.ico
[18/Sep/2026 17:07:47] "GET /favicon.ico HTTP/1.1" 404 34376
[18/Sep/2026 17:07:57] "GET /api/staff/chat/unread/ HTTP/1.1" 200 39
[18/Sep/2026 17:08:07] "GET /api/staff/chat/unread/ HTTP/1.1" 200 39
[18/Sep/2026 17:08:17] "GET /api/staff/chat/unread/ HTTP/1.1" 200 39
[18/Sep/2026 17:08:27] "GET /api/staff/chat/unread/ HTTP/1.1" 200 39
[18/Sep/2026 17:08:37] "GET /api/staff/chat/unread/ HTTP/1.1" 200 39
[18/Sep/2026 17:08:47] "GET /api/staff/chat/unread/ HTTP/1.1" 200 39
[18/Sep/2026 17:08:57] "GET /api/staff/chat/unread/ HTTP/1.1" 200 39
[18/Sep/2026 17:09:07] "GET /api/staff/chat/unread/ HTTP/1.1" 200 39
[18/Sep/2026 17:09:17] "GET /api/staff/chat/unread/ HTTP/1.1" 200 39
[18/Sep/2026 17:09:27] "GET /api/staff/chat/unread/ HTTP/1.1" 200 39
[18/Sep/2026 17:09:37] "GET /api/staff/chat/unread/ HTTP/1.1" 200 39
[18/Sep/2026 17:09:47] "GET /api/staff/chat/unread/ HTTP/1.1" 200 39
[18/Sep/2026 17:09:57] "GET /api/staff/chat/unread/ HTTP/1.1" 200 39
[18/Sep/2026 17:10:07] "GET /api/staff/chat/unread/ HTTP/1.1" 200 39
[18/Sep/2026 17:10:17] "GET /api/staff/chat/unread/ HTTP/1.1" 200 39
[18/Sep/2026 17:10:20] "GET /staff/chat/16/ HTTP/1.1" 200 331265
[18/Sep/2026 17:10:20] "GET /static/css/admin_chat.css?v=20260918b HTTP/1.1" 304 0
[18/Sep/2026 17:10:20] "GET /staff/chat/poll/?session_id=16&after_id=0 HTTP/1.1" 200 34810
[18/Sep/2026 17:10:24] "GET /staff/chat/poll/?session_id=16&after_id=0 HTTP/1.1" 200 34810
[18/Sep/2026 17:10:28] "GET /staff/chat/poll/?session_id=16&after_id=0 HTTP/1.1" 200 34810
[18/Sep/2026 17:10:30] "GET /staff/chat/ HTTP/1.1" 200 116589
[18/Sep/2026 17:10:40] "GET /api/staff/chat/unread/ HTTP/1.1" 200 39
[18/Sep/2026 17:10:50] "GET /api/staff/chat/unread/ HTTP/1.1" 200 39
[18/Sep/2026 17:11:00] "GET /api/staff/chat/unread/ HTTP/1.1" 200 39
[18/Sep/2026 17:11:10] "GET /api/staff/chat/unread/ HTTP/1.1" 200 39
[18/Sep/2026 17:11:20] "GET /api/staff/chat/unread/ HTTP/1.1" 200 39
[18/Sep/2026 17:11:30] "GET /api/staff/chat/unread/ HTTP/1.1" 200 39
[18/Sep/2026 17:11:40] "GET /api/staff/chat/unread/ HTTP/1.1" 200 39
[18/Sep/2026 17:11:50] "GET /api/staff/chat/unread/ HTTP/1.1" 200 39
[18/Sep/2026 17:12:00] "GET /api/staff/chat/unread/ HTTP/1.1" 200 39
[18/Sep/2026 17:12:10] "GET /api/staff/chat/unread/ HTTP/1.1" 200 39
[18/Sep/2026 17:12:40] "GET /api/staff/chat/unread/ HTTP/1.1" 200 39
[18/Sep/2026 17:12:50] "GET /api/staff/chat/unread/ HTTP/1.1" 200 39
[18/Sep/2026 17:13:00] "GET /api/staff/chat/unread/ HTTP/1.1" 200 39
[18/Sep/2026 17:13:10] "GET /api/staff/chat/unread/ HTTP/1.1" 200 39
[18/Sep/2026 17:13:20] "GET /api/staff/chat/unread/ HTTP/1.1" 200 39
[18/Sep/2026 17:13:30] "GET /api/staff/chat/unread/ HTTP/1.1" 200 39
[18/Sep/2026 17:13:40] "GET /api/staff/chat/unread/ HTTP/1.1" 200 39
[18/Sep/2026 17:13:50] "GET /api/staff/chat/unread/ HTTP/1.1" 200 39
[18/Sep/2026 17:14:00] "GET /api/staff/chat/unread/ HTTP/1.1" 200 39
[18/Sep/2026 17:14:10] "GET /api/staff/chat/unread/ HTTP/1.1" 200 39
[18/Sep/2026 17:14:20] "GET /api/staff/chat/unread/ HTTP/1.1" 200 39
[18/Sep/2026 17:14:30] "GET /api/staff/chat/unread/ HTTP/1.1" 200 39
[18/Sep/2026 17:14:40] "GET /api/staff/chat/unread/ HTTP/1.1" 200 39
[18/Sep/2026 17:14:50] "GET /api/staff/chat/unread/ HTTP/1.1" 200 39
[18/Sep/2026 17:15:00] "GET /api/staff/chat/unread/ HTTP/1.1" 200 39
[18/Sep/2026 17:15:10] "GET /api/staff/chat/unread/ HTTP/1.1" 200 39
[18/Sep/2026 17:15:20] "GET /api/staff/chat/unread/ HTTP/1.1" 200 39
[18/Sep/2026 17:15:30] "GET /api/staff/chat/unread/ HTTP/1.1" 200 39
[18/Sep/2026 17:15:40] "GET /api/staff/chat/unread/ HTTP/1.1" 200 39
[18/Sep/2026 17:15:50] "GET /api/staff/chat/unread/ HTTP/1.1" 200 39
[18/Sep/2026 17:16:00] "GET /api/staff/chat/unread/ HTTP/1.1" 200 39
[18/Sep/2026 17:16:10] "GET /api/staff/chat/unread/ HTTP/1.1" 200 39
[18/Sep/2026 17:16:20] "GET /api/staff/chat/unread/ HTTP/1.1" 200 39
[18/Sep/2026 17:16:30] "GET /api/staff/chat/unread/ HTTP/1.1" 200 39
[18/Sep/2026 17:16:40] "GET /api/staff/chat/unread/ HTTP/1.1" 200 39
[18/Sep/2026 17:16:50] "GET /api/staff/chat/unread/ HTTP/1.1" 200 39
[18/Sep/2026 17:17:00] "GET /api/staff/chat/unread/ HTTP/1.1" 200 39
[18/Sep/2026 17:17:10] "GET /api/staff/chat/unread/ HTTP/1.1" 200 39
[18/Sep/2026 17:17:20] "GET /api/staff/chat/unread/ HTTP/1.1" 200 39
[18/Sep/2026 17:17:30] "GET /api/staff/chat/unread/ HTTP/1.1" 200 39
[18/Sep/2026 17:17:40] "GET /api/staff/chat/unread/ HTTP/1.1" 200 39
[18/Sep/2026 17:17:50] "GET /api/staff/chat/unread/ HTTP/1.1" 200 39
[18/Sep/2026 17:18:00] "GET /api/staff/chat/unread/ HTTP/1.1" 200 39
[18/Sep/2026 17:18:10] "GET /api/staff/chat/unread/ HTTP/1.1" 200 39
[18/Sep/2026 17:18:20] "GET /api/staff/chat/unread/ HTTP/1.1" 200 39
[18/Sep/2026 17:18:30] "GET /api/staff/chat/unread/ HTTP/1.1" 200 39
[18/Sep/2026 17:18:40] "GET /api/staff/chat/unread/ HTTP/1.1" 200 39
[18/Sep/2026 17:18:50] "GET /api/staff/chat/unread/ HTTP/1.1" 200 39
[18/Sep/2026 17:19:00] "GET /api/staff/chat/unread/ HTTP/1.1" 200 39
[18/Sep/2026 17:19:10] "GET /api/staff/chat/unread/ HTTP/1.1" 200 39
[18/Sep/2026 17:19:20] "GET /api/staff/chat/unread/ HTTP/1.1" 200 39
[18/Sep/2026 17:19:30] "GET /api/staff/chat/unread/ HTTP/1.1" 200 39
[18/Sep/2026 17:19:40] "GET /api/staff/chat/unread/ HTTP/1.1" 200 39
[18/Sep/2026 17:19:50] "GET /api/staff/chat/unread/ HTTP/1.1" 200 39
[18/Sep/2026 17:19:59] "GET /staff/chat/ HTTP/1.1" 200 116589
[18/Sep/2026 17:19:59] "GET /static/css/admin_base.css?v=20260916h HTTP/1.1" 200 33531
[18/Sep/2026 17:19:59] "GET /static/css/admin_chat.css?v=20260918c HTTP/1.1" 200 87486
[18/Sep/2026 17:19:59] "GET /static/js/theme-toggle.js HTTP/1.1" 200 8540
[18/Sep/2026 17:19:59] "GET /static/css/admin_light_mode.css?v=20260917d HTTP/1.1" 200 35726
[18/Sep/2026 17:19:59] "GET /static/images/BalloorinaLogo1.png HTTP/1.1" 200 82825
Not Found: /favicon.ico
[18/Sep/2026 17:19:59] "GET /favicon.ico HTTP/1.1" 404 34376
Not Found: /.well-known/appspecific/com.chrome.devtools.json
[18/Sep/2026 17:20:07] "GET /.well-known/appspecific/com.chrome.devtools.json HTTP/1.1" 404 34487
[18/Sep/2026 17:20:09] "GET /api/staff/chat/unread/ HTTP/1.1" 200 39
[18/Sep/2026 17:20:19] "GET /api/staff/chat/unread/ HTTP/1.1" 200 39
[18/Sep/2026 17:20:29] "GET /api/staff/chat/unread/ HTTP/1.1" 200 39
[18/Sep/2026 17:20:39] "GET /api/staff/chat/unread/ HTTP/1.1" 200 39
[18/Sep/2026 17:20:49] "GET /api/staff/chat/unread/ HTTP/1.1" 200 39
[18/Sep/2026 17:20:59] "GET /api/staff/chat/unread/ HTTP/1.1" 200 39
[18/Sep/2026 17:21:09] "GET /api/staff/chat/unread/ HTTP/1.1" 200 39
[18/Sep/2026 17:21:19] "GET /api/staff/chat/unread/ HTTP/1.1" 200 39
[18/Sep/2026 17:21:29] "GET /api/staff/chat/unread/ HTTP/1.1" 200 39
[18/Sep/2026 17:21:39] "GET /api/staff/chat/unread/ HTTP/1.1" 200 39
[18/Sep/2026 17:21:49] "GET /api/staff/chat/unread/ HTTP/1.1" 200 39
[18/Sep/2026 17:21:59] "GET /api/staff/chat/unread/ HTTP/1.1" 200 39
[18/Sep/2026 17:22:09] "GET /api/staff/chat/unread/ HTTP/1.1" 200 39
[18/Sep/2026 17:22:19] "GET /api/staff/chat/unread/ HTTP/1.1" 200 39
[18/Sep/2026 17:22:29] "GET /api/staff/chat/unread/ HTTP/1.1" 200 39
[18/Sep/2026 17:22:39] "GET /api/staff/chat/unread/ HTTP/1.1" 200 39
[18/Sep/2026 17:22:49] "GET /api/staff/chat/unread/ HTTP/1.1" 200 39
[18/Sep/2026 17:22:59] "GET /api/staff/chat/unread/ HTTP/1.1" 200 39
[18/Sep/2026 17:23:09] "GET /api/staff/chat/unread/ HTTP/1.1" 200 39
[18/Sep/2026 17:23:19] "GET /api/staff/chat/unread/ HTTP/1.1" 200 39
[18/Sep/2026 17:23:29] "GET /api/staff/chat/unread/ HTTP/1.1" 200 39
[18/Sep/2026 17:23:39] "GET /api/staff/chat/unread/ HTTP/1.1" 200 39
[18/Sep/2026 17:23:49] "GET /api/staff/chat/unread/ HTTP/1.1" 200 39
[18/Sep/2026 17:23:59] "GET /api/staff/chat/unread/ HTTP/1.1" 200 39
[18/Sep/2026 17:24:09] "GET /api/staff/chat/unread/ HTTP/1.1" 200 39
[18/Sep/2026 17:24:19] "GET /api/staff/chat/unread/ HTTP/1.1" 200 39
[18/Sep/2026 17:24:29] "GET /api/staff/chat/unread/ HTTP/1.1" 200 39
[18/Sep/2026 17:24:39] "GET /api/staff/chat/unread/ HTTP/1.1" 200 39
[18/Sep/2026 17:24:49] "GET /api/staff/chat/unread/ HTTP/1.1" 200 39
[18/Sep/2026 17:24:59] "GET /api/staff/chat/unread/ HTTP/1.1" 200 39
[18/Sep/2026 17:25:09] "GET /api/staff/chat/unread/ HTTP/1.1" 200 39
[18/Sep/2026 17:25:19] "GET /api/staff/chat/unread/ HTTP/1.1" 200 39
[18/Sep/2026 17:38:53] "GET /api/chat/history/?session_id=16 HTTP/1.1" 200 22043
[18/Sep/2026 17:38:53] "POST /api/chat/mark-read/ HTTP/1.1" 200 17
[18/Sep/2026 17:38:58] "GET /api/chat/history/?session_id=16 HTTP/1.1" 200 22043
[18/Sep/2026 17:38:58] "POST /api/chat/mark-read/ HTTP/1.1" 200 17
[18/Sep/2026 17:39:05] "GET /api/chat/history/?session_id=16 HTTP/1.1" 200 22043
[18/Sep/2026 17:39:05] "POST /api/chat/mark-read/ HTTP/1.1" 200 17
[18/Sep/2026 17:39:12] "GET /api/chat/history/?session_id=16 HTTP/1.1" 200 22043
[18/Sep/2026 17:39:12] "POST /api/chat/mark-read/ HTTP/1.1" 200 17
[18/Sep/2026 17:39:19] "GET /api/chat/history/?session_id=16 HTTP/1.1" 200 22043
[18/Sep/2026 17:39:19] "POST /api/chat/mark-read/ HTTP/1.1" 200 17
[18/Sep/2026 17:39:26] "GET /api/chat/history/?session_id=16 HTTP/1.1" 200 22043
[18/Sep/2026 17:39:26] "POST /api/chat/mark-read/ HTTP/1.1" 200 17
C:\Users\Christian R\OneDrive\Desktop\Capstone---Updated-14\app\models.py changed, reloading.
Watching for file changes with StatReloader
Exception in thread django-main-thread:
Traceback (most recent call last):
  File "C:\Users\Christian R\AppData\Local\Programs\Python\Python312\Lib\threading.py", line 1075, in _bootstrap_inner
    self.run()
  File "C:\Users\Christian R\AppData\Local\Programs\Python\Python312\Lib\threading.py", line 1012, in run
    self._target(*self._args, **self._kwargs)
  File "C:\Users\Christian R\OneDrive\Desktop\Capstone---Updated-14\.venv\Lib\site-packages\django\utils\autoreload.py", line 64, in wrapper
    fn(*args, **kwargs)
  File "C:\Users\Christian R\OneDrive\Desktop\Capstone---Updated-14\.venv\Lib\site-packages\django\core\management\commands\runserver.py", line 125, in inner_run
    autoreload.raise_last_exception()
  File "C:\Users\Christian R\OneDrive\Desktop\Capstone---Updated-14\.venv\Lib\site-packages\django\utils\autoreload.py", line 87, in raise_last_exception
    raise _exception[1]
  File "C:\Users\Christian R\OneDrive\Desktop\Capstone---Updated-14\.venv\Lib\site-packages\django\core\management\__init__.py", line 394, in execute
    autoreload.check_errors(django.setup)()
  File "C:\Users\Christian R\OneDrive\Desktop\Capstone---Updated-14\.venv\Lib\site-packages\django\utils\autoreload.py", line 64, in wrapper
    fn(*args, **kwargs)
  File "C:\Users\Christian R\OneDrive\Desktop\Capstone---Updated-14\.venv\Lib\site-packages\django\__init__.py", line 24, in setup
    apps.populate(settings.INSTALLED_APPS)
  File "C:\Users\Christian R\OneDrive\Desktop\Capstone---Updated-14\.venv\Lib\site-packages\django\apps\registry.py", line 116, in populate
    app_config.import_models()
  File "C:\Users\Christian R\OneDrive\Desktop\Capstone---Updated-14\.venv\Lib\site-packages\django\apps\config.py", line 269, in import_models
    self.models_module = import_module(models_module_name)
                         ^^^^^^^^^^^^^^^^^^^^^^^^^^^^^^^^^
  File "C:\Users\Christian R\AppData\Local\Programs\Python\Python312\Lib\importlib\__init__.py", line 90, in import_module
    return _bootstrap._gcd_import(name[level:], package, level)
           ^^^^^^^^^^^^^^^^^^^^^^^^^^^^^^^^^^^^^^^^^^^^^^^^^^^^
  File "<frozen importlib._bootstrap>", line 1387, in _gcd_import
  File "<frozen importlib._bootstrap>", line 1360, in _find_and_load
  File "<frozen importlib._bootstrap>", line 1331, in _find_and_load_unlocked
  File "<frozen importlib._bootstrap>", line 935, in _load_unlocked
  File "<frozen importlib._bootstrap_external>", line 991, in exec_module
  File "<frozen importlib._bootstrap_external>", line 1129, in get_code
  File "<frozen importlib._bootstrap_external>", line 1059, in source_to_code
  File "<frozen importlib._bootstrap>", line 488, in _call_with_frames_removed
  File "C:\Users\Christian R\OneDrive\Desktop\Capstone---Updated-14\app\models.py", line 379
    reply_to = models.ForeignKey(
    ^
IndentationError: expected an indented block after function definition on line 378
C:\Users\Christian R\OneDrive\Desktop\Capstone---Updated-14\app\models.py changed, reloading.
Watching for file changes with StatReloader
System check identified some issues:

WARNINGS:
app.AboutContent: (models.W042) Auto-created primary key used when not defining a primary key type, by default 'django.db.models.AutoField'.
	HINT: Configure the DEFAULT_AUTO_FIELD setting or the AppConfig.default_auto_field attribute to point to a subclass of AutoField, e.g. 'django.db.models.BigAutoField'.
app.AboutJourneyItem: (models.W042) Auto-created primary key used when not defining a primary key type, by default 'django.db.models.AutoField'.
	HINT: Configure the DEFAULT_AUTO_FIELD setting or the AppConfig.default_auto_field attribute to point to a subclass of AutoField, e.g. 'django.db.models.BigAutoField'.
app.AboutValueItem: (models.W042) Auto-created primary key used when not defining a primary key type, by default 'django.db.models.AutoField'.
	HINT: Configure the DEFAULT_AUTO_FIELD setting or the AppConfig.default_auto_field attribute to point to a subclass of AutoField, e.g. 'django.db.models.BigAutoField'.
app.AddOn: (models.W042) Auto-created primary key used when not defining a primary key type, by default 'django.db.models.AutoField'.
	HINT: Configure the DEFAULT_AUTO_FIELD setting or the AppConfig.default_auto_field attribute to point to a subclass of AutoField, e.g. 'django.db.models.BigAutoField'.
app.AdditionalOnly: (models.W042) Auto-created primary key used when not defining a primary key type, by default 'django.db.models.AutoField'.
	HINT: Configure the DEFAULT_AUTO_FIELD setting or the AppConfig.default_auto_field attribute to point to a subclass of AutoField, e.g. 'django.db.models.BigAutoField'.
app.AdminNotification: (models.W042) Auto-created primary key used when not defining a primary key type, by default 'django.db.models.AutoField'.
	HINT: Configure the DEFAULT_AUTO_FIELD setting or the AppConfig.default_auto_field attribute to point to a subclass of AutoField, e.g. 'django.db.models.BigAutoField'.
app.AuditLog: (models.W042) Auto-created primary key used when not defining a primary key type, by default 'django.db.models.AutoField'.
	HINT: Configure the DEFAULT_AUTO_FIELD setting or the AppConfig.default_auto_field attribute to point to a subclass of AutoField, e.g. 'django.db.models.BigAutoField'.
app.BlockedDate: (models.W042) Auto-created primary key used when not defining a primary key type, by default 'django.db.models.AutoField'.
	HINT: Configure the DEFAULT_AUTO_FIELD setting or the AppConfig.default_auto_field attribute to point to a subclass of AutoField, e.g. 'django.db.models.BigAutoField'.
app.Booking: (models.W042) Auto-created primary key used when not defining a primary key type, by default 'django.db.models.AutoField'.
	HINT: Configure the DEFAULT_AUTO_FIELD setting or the AppConfig.default_auto_field attribute to point to a subclass of AutoField, e.g. 'django.db.models.BigAutoField'.
app.BookingImage: (models.W042) Auto-created primary key used when not defining a primary key type, by default 'django.db.models.AutoField'.
	HINT: Configure the DEFAULT_AUTO_FIELD setting or the AppConfig.default_auto_field attribute to point to a subclass of AutoField, e.g. 'django.db.models.BigAutoField'.
app.BookingStatusLog: (models.W042) Auto-created primary key used when not defining a primary key type, by default 'django.db.models.AutoField'.
	HINT: Configure the DEFAULT_AUTO_FIELD setting or the AppConfig.default_auto_field attribute to point to a subclass of AutoField, e.g. 'django.db.models.BigAutoField'.
app.CanvasAsset: (models.W042) Auto-created primary key used when not defining a primary key type, by default 'django.db.models.AutoField'.
	HINT: Configure the DEFAULT_AUTO_FIELD setting or the AppConfig.default_auto_field attribute to point to a subclass of AutoField, e.g. 'django.db.models.BigAutoField'.
app.CanvasCategory: (models.W042) Auto-created primary key used when not defining a primary key type, by default 'django.db.models.AutoField'.
	HINT: Configure the DEFAULT_AUTO_FIELD setting or the AppConfig.default_auto_field attribute to point to a subclass of AutoField, e.g. 'django.db.models.BigAutoField'.
app.CanvasLabel: (models.W042) Auto-created primary key used when not defining a primary key type, by default 'django.db.models.AutoField'.
	HINT: Configure the DEFAULT_AUTO_FIELD setting or the AppConfig.default_auto_field attribute to point to a subclass of AutoField, e.g. 'django.db.models.BigAutoField'.
app.ChatMessage: (models.W042) Auto-created primary key used when not defining a primary key type, by default 'django.db.models.AutoField'.
	HINT: Configure the DEFAULT_AUTO_FIELD setting or the AppConfig.default_auto_field attribute to point to a subclass of AutoField, e.g. 'django.db.models.BigAutoField'.
app.ChatModerationEvent: (models.W042) Auto-created primary key used when not defining a primary key type, by default 'django.db.models.AutoField'.
	HINT: Configure the DEFAULT_AUTO_FIELD setting or the AppConfig.default_auto_field attribute to point to a subclass of AutoField, e.g. 'django.db.models.BigAutoField'.
app.ChatModerationState: (models.W042) Auto-created primary key used when not defining a primary key type, by default 'django.db.models.AutoField'.
	HINT: Configure the DEFAULT_AUTO_FIELD setting or the AppConfig.default_auto_field attribute to point to a subclass of AutoField, e.g. 'django.db.models.BigAutoField'.
app.ChatNotification: (models.W042) Auto-created primary key used when not defining a primary key type, by default 'django.db.models.AutoField'.
	HINT: Configure the DEFAULT_AUTO_FIELD setting or the AppConfig.default_auto_field attribute to point to a subclass of AutoField, e.g. 'django.db.models.BigAutoField'.
app.ChatSession: (models.W042) Auto-created primary key used when not defining a primary key type, by default 'django.db.models.AutoField'.
	HINT: Configure the DEFAULT_AUTO_FIELD setting or the AppConfig.default_auto_field attribute to point to a subclass of AutoField, e.g. 'django.db.models.BigAutoField'.
app.ConcernImage: (models.W042) Auto-created primary key used when not defining a primary key type, by default 'django.db.models.AutoField'.
	HINT: Configure the DEFAULT_AUTO_FIELD setting or the AppConfig.default_auto_field attribute to point to a subclass of AutoField, e.g. 'django.db.models.BigAutoField'.
app.ConcernTicket: (models.W042) Auto-created primary key used when not defining a primary key type, by default 'django.db.models.AutoField'.
	HINT: Configure the DEFAULT_AUTO_FIELD setting or the AppConfig.default_auto_field attribute to point to a subclass of AutoField, e.g. 'django.db.models.BigAutoField'.
app.Design: (models.W042) Auto-created primary key used when not defining a primary key type, by default 'django.db.models.AutoField'.
	HINT: Configure the DEFAULT_AUTO_FIELD setting or the AppConfig.default_auto_field attribute to point to a subclass of AutoField, e.g. 'django.db.models.BigAutoField'.
app.GCashConfig: (models.W042) Auto-created primary key used when not defining a primary key type, by default 'django.db.models.AutoField'.
	HINT: Configure the DEFAULT_AUTO_FIELD setting or the AppConfig.default_auto_field attribute to point to a subclass of AutoField, e.g. 'django.db.models.BigAutoField'.
app.GalleryCategory: (models.W042) Auto-created primary key used when not defining a primary key type, by default 'django.db.models.AutoField'.
	HINT: Configure the DEFAULT_AUTO_FIELD setting or the AppConfig.default_auto_field attribute to point to a subclass of AutoField, e.g. 'django.db.models.BigAutoField'.
app.GalleryImage: (models.W042) Auto-created primary key used when not defining a primary key type, by default 'django.db.models.AutoField'.
	HINT: Configure the DEFAULT_AUTO_FIELD setting or the AppConfig.default_auto_field attribute to point to a subclass of AutoField, e.g. 'django.db.models.BigAutoField'.
app.GuidelineItem: (models.W042) Auto-created primary key used when not defining a primary key type, by default 'django.db.models.AutoField'.
	HINT: Configure the DEFAULT_AUTO_FIELD setting or the AppConfig.default_auto_field attribute to point to a subclass of AutoField, e.g. 'django.db.models.BigAutoField'.
app.GuidelinePageContent: (models.W042) Auto-created primary key used when not defining a primary key type, by default 'django.db.models.AutoField'.
	HINT: Configure the DEFAULT_AUTO_FIELD setting or the AppConfig.default_auto_field attribute to point to a subclass of AutoField, e.g. 'django.db.models.BigAutoField'.
app.HomeContent: (models.W042) Auto-created primary key used when not defining a primary key type, by default 'django.db.models.AutoField'.
	HINT: Configure the DEFAULT_AUTO_FIELD setting or the AppConfig.default_auto_field attribute to point to a subclass of AutoField, e.g. 'django.db.models.BigAutoField'.
app.HomeFaqItem: (models.W042) Auto-created primary key used when not defining a primary key type, by default 'django.db.models.AutoField'.
	HINT: Configure the DEFAULT_AUTO_FIELD setting or the AppConfig.default_auto_field attribute to point to a subclass of AutoField, e.g. 'django.db.models.BigAutoField'.
app.HomeFeatureItem: (models.W042) Auto-created primary key used when not defining a primary key type, by default 'django.db.models.AutoField'.
	HINT: Configure the DEFAULT_AUTO_FIELD setting or the AppConfig.default_auto_field attribute to point to a subclass of AutoField, e.g. 'django.db.models.BigAutoField'.
app.HomeHowItWorksStep: (models.W042) Auto-created primary key used when not defining a primary key type, by default 'django.db.models.AutoField'.
	HINT: Configure the DEFAULT_AUTO_FIELD setting or the AppConfig.default_auto_field attribute to point to a subclass of AutoField, e.g. 'django.db.models.BigAutoField'.
app.MessageReaction: (models.W042) Auto-created primary key used when not defining a primary key type, by default 'django.db.models.AutoField'.
	HINT: Configure the DEFAULT_AUTO_FIELD setting or the AppConfig.default_auto_field attribute to point to a subclass of AutoField, e.g. 'django.db.models.BigAutoField'.
app.Notification: (models.W042) Auto-created primary key used when not defining a primary key type, by default 'django.db.models.AutoField'.
	HINT: Configure the DEFAULT_AUTO_FIELD setting or the AppConfig.default_auto_field attribute to point to a subclass of AutoField, e.g. 'django.db.models.BigAutoField'.
app.Package: (models.W042) Auto-created primary key used when not defining a primary key type, by default 'django.db.models.AutoField'.
	HINT: Configure the DEFAULT_AUTO_FIELD setting or the AppConfig.default_auto_field attribute to point to a subclass of AutoField, e.g. 'django.db.models.BigAutoField'.
app.Payment: (models.W042) Auto-created primary key used when not defining a primary key type, by default 'django.db.models.AutoField'.
	HINT: Configure the DEFAULT_AUTO_FIELD setting or the AppConfig.default_auto_field attribute to point to a subclass of AutoField, e.g. 'django.db.models.BigAutoField'.
app.QuickReply: (models.W042) Auto-created primary key used when not defining a primary key type, by default 'django.db.models.AutoField'.
	HINT: Configure the DEFAULT_AUTO_FIELD setting or the AppConfig.default_auto_field attribute to point to a subclass of AutoField, e.g. 'django.db.models.BigAutoField'.
app.Review: (models.W042) Auto-created primary key used when not defining a primary key type, by default 'django.db.models.AutoField'.
	HINT: Configure the DEFAULT_AUTO_FIELD setting or the AppConfig.default_auto_field attribute to point to a subclass of AutoField, e.g. 'django.db.models.BigAutoField'.
app.ReviewImage: (models.W042) Auto-created primary key used when not defining a primary key type, by default 'django.db.models.AutoField'.
	HINT: Configure the DEFAULT_AUTO_FIELD setting or the AppConfig.default_auto_field attribute to point to a subclass of AutoField, e.g. 'django.db.models.BigAutoField'.
app.ReviewReply: (models.W042) Auto-created primary key used when not defining a primary key type, by default 'django.db.models.AutoField'.
	HINT: Configure the DEFAULT_AUTO_FIELD setting or the AppConfig.default_auto_field attribute to point to a subclass of AutoField, e.g. 'django.db.models.BigAutoField'.
app.Service: (models.W042) Auto-created primary key used when not defining a primary key type, by default 'django.db.models.AutoField'.
	HINT: Configure the DEFAULT_AUTO_FIELD setting or the AppConfig.default_auto_field attribute to point to a subclass of AutoField, e.g. 'django.db.models.BigAutoField'.
app.ServiceChargeConfig: (models.W042) Auto-created primary key used when not defining a primary key type, by default 'django.db.models.AutoField'.
	HINT: Configure the DEFAULT_AUTO_FIELD setting or the AppConfig.default_auto_field attribute to point to a subclass of AutoField, e.g. 'django.db.models.BigAutoField'.
app.ServiceContent: (models.W042) Auto-created primary key used when not defining a primary key type, by default 'django.db.models.AutoField'.
	HINT: Configure the DEFAULT_AUTO_FIELD setting or the AppConfig.default_auto_field attribute to point to a subclass of AutoField, e.g. 'django.db.models.BigAutoField'.
app.SiteSettings: (models.W042) Auto-created primary key used when not defining a primary key type, by default 'django.db.models.AutoField'.
	HINT: Configure the DEFAULT_AUTO_FIELD setting or the AppConfig.default_auto_field attribute to point to a subclass of AutoField, e.g. 'django.db.models.BigAutoField'.
app.User: (models.W042) Auto-created primary key used when not defining a primary key type, by default 'django.db.models.AutoField'.
	HINT: Configure the DEFAULT_AUTO_FIELD setting or the AppConfig.default_auto_field attribute to point to a subclass of AutoField, e.g. 'django.db.models.BigAutoField'.
app.UserDesign: (models.W042) Auto-created primary key used when not defining a primary key type, by default 'django.db.models.AutoField'.
	HINT: Configure the DEFAULT_AUTO_FIELD setting or the AppConfig.default_auto_field attribute to point to a subclass of AutoField, e.g. 'django.db.models.BigAutoField'.

System check identified 45 issues (0 silenced).
C:\Users\Christian R\OneDrive\Desktop\Capstone---Updated-14\app\views.py changed, reloading.
Watching for file changes with StatReloader
System check identified some issues:

WARNINGS:
app.AboutContent: (models.W042) Auto-created primary key used when not defining a primary key type, by default 'django.db.models.AutoField'.
	HINT: Configure the DEFAULT_AUTO_FIELD setting or the AppConfig.default_auto_field attribute to point to a subclass of AutoField, e.g. 'django.db.models.BigAutoField'.
app.AboutJourneyItem: (models.W042) Auto-created primary key used when not defining a primary key type, by default 'django.db.models.AutoField'.
	HINT: Configure the DEFAULT_AUTO_FIELD setting or the AppConfig.default_auto_field attribute to point to a subclass of AutoField, e.g. 'django.db.models.BigAutoField'.
app.AboutValueItem: (models.W042) Auto-created primary key used when not defining a primary key type, by default 'django.db.models.AutoField'.
	HINT: Configure the DEFAULT_AUTO_FIELD setting or the AppConfig.default_auto_field attribute to point to a subclass of AutoField, e.g. 'django.db.models.BigAutoField'.
app.AddOn: (models.W042) Auto-created primary key used when not defining a primary key type, by default 'django.db.models.AutoField'.
	HINT: Configure the DEFAULT_AUTO_FIELD setting or the AppConfig.default_auto_field attribute to point to a subclass of AutoField, e.g. 'django.db.models.BigAutoField'.
app.AdditionalOnly: (models.W042) Auto-created primary key used when not defining a primary key type, by default 'django.db.models.AutoField'.
	HINT: Configure the DEFAULT_AUTO_FIELD setting or the AppConfig.default_auto_field attribute to point to a subclass of AutoField, e.g. 'django.db.models.BigAutoField'.
app.AdminNotification: (models.W042) Auto-created primary key used when not defining a primary key type, by default 'django.db.models.AutoField'.
	HINT: Configure the DEFAULT_AUTO_FIELD setting or the AppConfig.default_auto_field attribute to point to a subclass of AutoField, e.g. 'django.db.models.BigAutoField'.
app.AuditLog: (models.W042) Auto-created primary key used when not defining a primary key type, by default 'django.db.models.AutoField'.
	HINT: Configure the DEFAULT_AUTO_FIELD setting or the AppConfig.default_auto_field attribute to point to a subclass of AutoField, e.g. 'django.db.models.BigAutoField'.
app.BlockedDate: (models.W042) Auto-created primary key used when not defining a primary key type, by default 'django.db.models.AutoField'.
	HINT: Configure the DEFAULT_AUTO_FIELD setting or the AppConfig.default_auto_field attribute to point to a subclass of AutoField, e.g. 'django.db.models.BigAutoField'.
app.Booking: (models.W042) Auto-created primary key used when not defining a primary key type, by default 'django.db.models.AutoField'.
	HINT: Configure the DEFAULT_AUTO_FIELD setting or the AppConfig.default_auto_field attribute to point to a subclass of AutoField, e.g. 'django.db.models.BigAutoField'.
app.BookingImage: (models.W042) Auto-created primary key used when not defining a primary key type, by default 'django.db.models.AutoField'.
	HINT: Configure the DEFAULT_AUTO_FIELD setting or the AppConfig.default_auto_field attribute to point to a subclass of AutoField, e.g. 'django.db.models.BigAutoField'.
app.BookingStatusLog: (models.W042) Auto-created primary key used when not defining a primary key type, by default 'django.db.models.AutoField'.
	HINT: Configure the DEFAULT_AUTO_FIELD setting or the AppConfig.default_auto_field attribute to point to a subclass of AutoField, e.g. 'django.db.models.BigAutoField'.
app.CanvasAsset: (models.W042) Auto-created primary key used when not defining a primary key type, by default 'django.db.models.AutoField'.
	HINT: Configure the DEFAULT_AUTO_FIELD setting or the AppConfig.default_auto_field attribute to point to a subclass of AutoField, e.g. 'django.db.models.BigAutoField'.
app.CanvasCategory: (models.W042) Auto-created primary key used when not defining a primary key type, by default 'django.db.models.AutoField'.
	HINT: Configure the DEFAULT_AUTO_FIELD setting or the AppConfig.default_auto_field attribute to point to a subclass of AutoField, e.g. 'django.db.models.BigAutoField'.
app.CanvasLabel: (models.W042) Auto-created primary key used when not defining a primary key type, by default 'django.db.models.AutoField'.
	HINT: Configure the DEFAULT_AUTO_FIELD setting or the AppConfig.default_auto_field attribute to point to a subclass of AutoField, e.g. 'django.db.models.BigAutoField'.
app.ChatMessage: (models.W042) Auto-created primary key used when not defining a primary key type, by default 'django.db.models.AutoField'.
	HINT: Configure the DEFAULT_AUTO_FIELD setting or the AppConfig.default_auto_field attribute to point to a subclass of AutoField, e.g. 'django.db.models.BigAutoField'.
app.ChatModerationEvent: (models.W042) Auto-created primary key used when not defining a primary key type, by default 'django.db.models.AutoField'.
	HINT: Configure the DEFAULT_AUTO_FIELD setting or the AppConfig.default_auto_field attribute to point to a subclass of AutoField, e.g. 'django.db.models.BigAutoField'.
app.ChatModerationState: (models.W042) Auto-created primary key used when not defining a primary key type, by default 'django.db.models.AutoField'.
	HINT: Configure the DEFAULT_AUTO_FIELD setting or the AppConfig.default_auto_field attribute to point to a subclass of AutoField, e.g. 'django.db.models.BigAutoField'.
app.ChatNotification: (models.W042) Auto-created primary key used when not defining a primary key type, by default 'django.db.models.AutoField'.
	HINT: Configure the DEFAULT_AUTO_FIELD setting or the AppConfig.default_auto_field attribute to point to a subclass of AutoField, e.g. 'django.db.models.BigAutoField'.
app.ChatSession: (models.W042) Auto-created primary key used when not defining a primary key type, by default 'django.db.models.AutoField'.
	HINT: Configure the DEFAULT_AUTO_FIELD setting or the AppConfig.default_auto_field attribute to point to a subclass of AutoField, e.g. 'django.db.models.BigAutoField'.
app.ConcernImage: (models.W042) Auto-created primary key used when not defining a primary key type, by default 'django.db.models.AutoField'.
	HINT: Configure the DEFAULT_AUTO_FIELD setting or the AppConfig.default_auto_field attribute to point to a subclass of AutoField, e.g. 'django.db.models.BigAutoField'.
app.ConcernTicket: (models.W042) Auto-created primary key used when not defining a primary key type, by default 'django.db.models.AutoField'.
	HINT: Configure the DEFAULT_AUTO_FIELD setting or the AppConfig.default_auto_field attribute to point to a subclass of AutoField, e.g. 'django.db.models.BigAutoField'.
app.Design: (models.W042) Auto-created primary key used when not defining a primary key type, by default 'django.db.models.AutoField'.
	HINT: Configure the DEFAULT_AUTO_FIELD setting or the AppConfig.default_auto_field attribute to point to a subclass of AutoField, e.g. 'django.db.models.BigAutoField'.
app.GCashConfig: (models.W042) Auto-created primary key used when not defining a primary key type, by default 'django.db.models.AutoField'.
	HINT: Configure the DEFAULT_AUTO_FIELD setting or the AppConfig.default_auto_field attribute to point to a subclass of AutoField, e.g. 'django.db.models.BigAutoField'.
app.GalleryCategory: (models.W042) Auto-created primary key used when not defining a primary key type, by default 'django.db.models.AutoField'.
	HINT: Configure the DEFAULT_AUTO_FIELD setting or the AppConfig.default_auto_field attribute to point to a subclass of AutoField, e.g. 'django.db.models.BigAutoField'.
app.GalleryImage: (models.W042) Auto-created primary key used when not defining a primary key type, by default 'django.db.models.AutoField'.
	HINT: Configure the DEFAULT_AUTO_FIELD setting or the AppConfig.default_auto_field attribute to point to a subclass of AutoField, e.g. 'django.db.models.BigAutoField'.
app.GuidelineItem: (models.W042) Auto-created primary key used when not defining a primary key type, by default 'django.db.models.AutoField'.
	HINT: Configure the DEFAULT_AUTO_FIELD setting or the AppConfig.default_auto_field attribute to point to a subclass of AutoField, e.g. 'django.db.models.BigAutoField'.
app.GuidelinePageContent: (models.W042) Auto-created primary key used when not defining a primary key type, by default 'django.db.models.AutoField'.
	HINT: Configure the DEFAULT_AUTO_FIELD setting or the AppConfig.default_auto_field attribute to point to a subclass of AutoField, e.g. 'django.db.models.BigAutoField'.
app.HomeContent: (models.W042) Auto-created primary key used when not defining a primary key type, by default 'django.db.models.AutoField'.
	HINT: Configure the DEFAULT_AUTO_FIELD setting or the AppConfig.default_auto_field attribute to point to a subclass of AutoField, e.g. 'django.db.models.BigAutoField'.
app.HomeFaqItem: (models.W042) Auto-created primary key used when not defining a primary key type, by default 'django.db.models.AutoField'.
	HINT: Configure the DEFAULT_AUTO_FIELD setting or the AppConfig.default_auto_field attribute to point to a subclass of AutoField, e.g. 'django.db.models.BigAutoField'.
app.HomeFeatureItem: (models.W042) Auto-created primary key used when not defining a primary key type, by default 'django.db.models.AutoField'.
	HINT: Configure the DEFAULT_AUTO_FIELD setting or the AppConfig.default_auto_field attribute to point to a subclass of AutoField, e.g. 'django.db.models.BigAutoField'.
app.HomeHowItWorksStep: (models.W042) Auto-created primary key used when not defining a primary key type, by default 'django.db.models.AutoField'.
	HINT: Configure the DEFAULT_AUTO_FIELD setting or the AppConfig.default_auto_field attribute to point to a subclass of AutoField, e.g. 'django.db.models.BigAutoField'.
app.MessageReaction: (models.W042) Auto-created primary key used when not defining a primary key type, by default 'django.db.models.AutoField'.
	HINT: Configure the DEFAULT_AUTO_FIELD setting or the AppConfig.default_auto_field attribute to point to a subclass of AutoField, e.g. 'django.db.models.BigAutoField'.
app.Notification: (models.W042) Auto-created primary key used when not defining a primary key type, by default 'django.db.models.AutoField'.
	HINT: Configure the DEFAULT_AUTO_FIELD setting or the AppConfig.default_auto_field attribute to point to a subclass of AutoField, e.g. 'django.db.models.BigAutoField'.
app.Package: (models.W042) Auto-created primary key used when not defining a primary key type, by default 'django.db.models.AutoField'.
	HINT: Configure the DEFAULT_AUTO_FIELD setting or the AppConfig.default_auto_field attribute to point to a subclass of AutoField, e.g. 'django.db.models.BigAutoField'.
app.Payment: (models.W042) Auto-created primary key used when not defining a primary key type, by default 'django.db.models.AutoField'.
	HINT: Configure the DEFAULT_AUTO_FIELD setting or the AppConfig.default_auto_field attribute to point to a subclass of AutoField, e.g. 'django.db.models.BigAutoField'.
app.QuickReply: (models.W042) Auto-created primary key used when not defining a primary key type, by default 'django.db.models.AutoField'.
	HINT: Configure the DEFAULT_AUTO_FIELD setting or the AppConfig.default_auto_field attribute to point to a subclass of AutoField, e.g. 'django.db.models.BigAutoField'.
app.Review: (models.W042) Auto-created primary key used when not defining a primary key type, by default 'django.db.models.AutoField'.
	HINT: Configure the DEFAULT_AUTO_FIELD setting or the AppConfig.default_auto_field attribute to point to a subclass of AutoField, e.g. 'django.db.models.BigAutoField'.
app.ReviewImage: (models.W042) Auto-created primary key used when not defining a primary key type, by default 'django.db.models.AutoField'.
	HINT: Configure the DEFAULT_AUTO_FIELD setting or the AppConfig.default_auto_field attribute to point to a subclass of AutoField, e.g. 'django.db.models.BigAutoField'.
app.ReviewReply: (models.W042) Auto-created primary key used when not defining a primary key type, by default 'django.db.models.AutoField'.
	HINT: Configure the DEFAULT_AUTO_FIELD setting or the AppConfig.default_auto_field attribute to point to a subclass of AutoField, e.g. 'django.db.models.BigAutoField'.
app.Service: (models.W042) Auto-created primary key used when not defining a primary key type, by default 'django.db.models.AutoField'.
	HINT: Configure the DEFAULT_AUTO_FIELD setting or the AppConfig.default_auto_field attribute to point to a subclass of AutoField, e.g. 'django.db.models.BigAutoField'.
app.ServiceChargeConfig: (models.W042) Auto-created primary key used when not defining a primary key type, by default 'django.db.models.AutoField'.
	HINT: Configure the DEFAULT_AUTO_FIELD setting or the AppConfig.default_auto_field attribute to point to a subclass of AutoField, e.g. 'django.db.models.BigAutoField'.
app.ServiceContent: (models.W042) Auto-created primary key used when not defining a primary key type, by default 'django.db.models.AutoField'.
	HINT: Configure the DEFAULT_AUTO_FIELD setting or the AppConfig.default_auto_field attribute to point to a subclass of AutoField, e.g. 'django.db.models.BigAutoField'.
app.SiteSettings: (models.W042) Auto-created primary key used when not defining a primary key type, by default 'django.db.models.AutoField'.
	HINT: Configure the DEFAULT_AUTO_FIELD setting or the AppConfig.default_auto_field attribute to point to a subclass of AutoField, e.g. 'django.db.models.BigAutoField'.
app.User: (models.W042) Auto-created primary key used when not defining a primary key type, by default 'django.db.models.AutoField'.
	HINT: Configure the DEFAULT_AUTO_FIELD setting or the AppConfig.default_auto_field attribute to point to a subclass of AutoField, e.g. 'django.db.models.BigAutoField'.
app.UserDesign: (models.W042) Auto-created primary key used when not defining a primary key type, by default 'django.db.models.AutoField'.
	HINT: Configure the DEFAULT_AUTO_FIELD setting or the AppConfig.default_auto_field attribute to point to a subclass of AutoField, e.g. 'django.db.models.BigAutoField'.

System check identified 45 issues (0 silenced).
C:\Users\Christian R\OneDrive\Desktop\Capstone---Updated-14\app\views.py changed, reloading.
Watching for file changes with StatReloader
Exception in thread django-main-thread:
Traceback (most recent call last):
  File "C:\Users\Christian R\AppData\Local\Programs\Python\Python312\Lib\threading.py", line 1075, in _bootstrap_inner
    self.run()
  File "C:\Users\Christian R\AppData\Local\Programs\Python\Python312\Lib\threading.py", line 1012, in run
    self._target(*self._args, **self._kwargs)
  File "C:\Users\Christian R\OneDrive\Desktop\Capstone---Updated-14\.venv\Lib\site-packages\django\utils\autoreload.py", line 64, in wrapper
    fn(*args, **kwargs)
  File "C:\Users\Christian R\OneDrive\Desktop\Capstone---Updated-14\.venv\Lib\site-packages\django\core\management\commands\runserver.py", line 133, in inner_run
    self.check(display_num_errors=True)
  File "C:\Users\Christian R\OneDrive\Desktop\Capstone---Updated-14\.venv\Lib\site-packages\django\core\management\base.py", line 486, in check
    all_issues = checks.run_checks(
                 ^^^^^^^^^^^^^^^^^^
  File "C:\Users\Christian R\OneDrive\Desktop\Capstone---Updated-14\.venv\Lib\site-packages\django\core\checks\registry.py", line 88, in run_checks
    new_errors = check(app_configs=app_configs, databases=databases)
                 ^^^^^^^^^^^^^^^^^^^^^^^^^^^^^^^^^^^^^^^^^^^^^^^^^^^
  File "C:\Users\Christian R\OneDrive\Desktop\Capstone---Updated-14\.venv\Lib\site-packages\django\core\checks\urls.py", line 14, in check_url_config
    return check_resolver(resolver)
           ^^^^^^^^^^^^^^^^^^^^^^^^
  File "C:\Users\Christian R\OneDrive\Desktop\Capstone---Updated-14\.venv\Lib\site-packages\django\core\checks\urls.py", line 24, in check_resolver
    return check_method()
           ^^^^^^^^^^^^^^
  File "C:\Users\Christian R\OneDrive\Desktop\Capstone---Updated-14\.venv\Lib\site-packages\django\urls\resolvers.py", line 519, in check
    for pattern in self.url_patterns:
                   ^^^^^^^^^^^^^^^^^
  File "C:\Users\Christian R\OneDrive\Desktop\Capstone---Updated-14\.venv\Lib\site-packages\django\utils\functional.py", line 47, in __get__
    res = instance.__dict__[self.name] = self.func(instance)
                                         ^^^^^^^^^^^^^^^^^^^
  File "C:\Users\Christian R\OneDrive\Desktop\Capstone---Updated-14\.venv\Lib\site-packages\django\urls\resolvers.py", line 738, in url_patterns
    patterns = getattr(self.urlconf_module, "urlpatterns", self.urlconf_module)
                       ^^^^^^^^^^^^^^^^^^^
  File "C:\Users\Christian R\OneDrive\Desktop\Capstone---Updated-14\.venv\Lib\site-packages\django\utils\functional.py", line 47, in __get__
    res = instance.__dict__[self.name] = self.func(instance)
                                         ^^^^^^^^^^^^^^^^^^^
  File "C:\Users\Christian R\OneDrive\Desktop\Capstone---Updated-14\.venv\Lib\site-packages\django\urls\resolvers.py", line 731, in urlconf_module
    return import_module(self.urlconf_name)
           ^^^^^^^^^^^^^^^^^^^^^^^^^^^^^^^^
  File "C:\Users\Christian R\AppData\Local\Programs\Python\Python312\Lib\importlib\__init__.py", line 90, in import_module
    return _bootstrap._gcd_import(name[level:], package, level)
           ^^^^^^^^^^^^^^^^^^^^^^^^^^^^^^^^^^^^^^^^^^^^^^^^^^^^
  File "<frozen importlib._bootstrap>", line 1387, in _gcd_import
  File "<frozen importlib._bootstrap>", line 1360, in _find_and_load
  File "<frozen importlib._bootstrap>", line 1331, in _find_and_load_unlocked
  File "<frozen importlib._bootstrap>", line 935, in _load_unlocked
  File "<frozen importlib._bootstrap_external>", line 995, in exec_module
  File "<frozen importlib._bootstrap>", line 488, in _call_with_frames_removed
  File "C:\Users\Christian R\OneDrive\Desktop\Capstone---Updated-14\Project\urls.py", line 8, in <module>
    path('', include('app.urls'))
             ^^^^^^^^^^^^^^^^^^^
  File "C:\Users\Christian R\OneDrive\Desktop\Capstone---Updated-14\.venv\Lib\site-packages\django\urls\conf.py", line 39, in include
    urlconf_module = import_module(urlconf_module)
                     ^^^^^^^^^^^^^^^^^^^^^^^^^^^^^
  File "C:\Users\Christian R\AppData\Local\Programs\Python\Python312\Lib\importlib\__init__.py", line 90, in import_module
    return _bootstrap._gcd_import(name[level:], package, level)
           ^^^^^^^^^^^^^^^^^^^^^^^^^^^^^^^^^^^^^^^^^^^^^^^^^^^^
  File "<frozen importlib._bootstrap>", line 1387, in _gcd_import
  File "<frozen importlib._bootstrap>", line 1360, in _find_and_load
  File "<frozen importlib._bootstrap>", line 1331, in _find_and_load_unlocked
  File "<frozen importlib._bootstrap>", line 935, in _load_unlocked
  File "<frozen importlib._bootstrap_external>", line 995, in exec_module
  File "<frozen importlib._bootstrap>", line 488, in _call_with_frames_removed
  File "C:\Users\Christian R\OneDrive\Desktop\Capstone---Updated-14\app\urls.py", line 4, in <module>
    from .views import (
  File "C:\Users\Christian R\OneDrive\Desktop\Capstone---Updated-14\app\views.py", line 6060
    od)
      ^
SyntaxError: closing parenthesis ')' does not match opening parenthesis '{' on line 6055
C:\Users\Christian R\OneDrive\Desktop\Capstone---Updated-14\app\views.py changed, reloading.
Watching for file changes with StatReloader
System check identified some issues:

WARNINGS:
app.AboutContent: (models.W042) Auto-created primary key used when not defining a primary key type, by default 'django.db.models.AutoField'.
	HINT: Configure the DEFAULT_AUTO_FIELD setting or the AppConfig.default_auto_field attribute to point to a subclass of AutoField, e.g. 'django.db.models.BigAutoField'.
app.AboutJourneyItem: (models.W042) Auto-created primary key used when not defining a primary key type, by default 'django.db.models.AutoField'.
	HINT: Configure the DEFAULT_AUTO_FIELD setting or the AppConfig.default_auto_field attribute to point to a subclass of AutoField, e.g. 'django.db.models.BigAutoField'.
app.AboutValueItem: (models.W042) Auto-created primary key used when not defining a primary key type, by default 'django.db.models.AutoField'.
	HINT: Configure the DEFAULT_AUTO_FIELD setting or the AppConfig.default_auto_field attribute to point to a subclass of AutoField, e.g. 'django.db.models.BigAutoField'.
app.AddOn: (models.W042) Auto-created primary key used when not defining a primary key type, by default 'django.db.models.AutoField'.
	HINT: Configure the DEFAULT_AUTO_FIELD setting or the AppConfig.default_auto_field attribute to point to a subclass of AutoField, e.g. 'django.db.models.BigAutoField'.
app.AdditionalOnly: (models.W042) Auto-created primary key used when not defining a primary key type, by default 'django.db.models.AutoField'.
	HINT: Configure the DEFAULT_AUTO_FIELD setting or the AppConfig.default_auto_field attribute to point to a subclass of AutoField, e.g. 'django.db.models.BigAutoField'.
app.AdminNotification: (models.W042) Auto-created primary key used when not defining a primary key type, by default 'django.db.models.AutoField'.
	HINT: Configure the DEFAULT_AUTO_FIELD setting or the AppConfig.default_auto_field attribute to point to a subclass of AutoField, e.g. 'django.db.models.BigAutoField'.
app.AuditLog: (models.W042) Auto-created primary key used when not defining a primary key type, by default 'django.db.models.AutoField'.
	HINT: Configure the DEFAULT_AUTO_FIELD setting or the AppConfig.default_auto_field attribute to point to a subclass of AutoField, e.g. 'django.db.models.BigAutoField'.
app.BlockedDate: (models.W042) Auto-created primary key used when not defining a primary key type, by default 'django.db.models.AutoField'.
	HINT: Configure the DEFAULT_AUTO_FIELD setting or the AppConfig.default_auto_field attribute to point to a subclass of AutoField, e.g. 'django.db.models.BigAutoField'.
app.Booking: (models.W042) Auto-created primary key used when not defining a primary key type, by default 'django.db.models.AutoField'.
	HINT: Configure the DEFAULT_AUTO_FIELD setting or the AppConfig.default_auto_field attribute to point to a subclass of AutoField, e.g. 'django.db.models.BigAutoField'.
app.BookingImage: (models.W042) Auto-created primary key used when not defining a primary key type, by default 'django.db.models.AutoField'.
	HINT: Configure the DEFAULT_AUTO_FIELD setting or the AppConfig.default_auto_field attribute to point to a subclass of AutoField, e.g. 'django.db.models.BigAutoField'.
app.BookingStatusLog: (models.W042) Auto-created primary key used when not defining a primary key type, by default 'django.db.models.AutoField'.
	HINT: Configure the DEFAULT_AUTO_FIELD setting or the AppConfig.default_auto_field attribute to point to a subclass of AutoField, e.g. 'django.db.models.BigAutoField'.
app.CanvasAsset: (models.W042) Auto-created primary key used when not defining a primary key type, by default 'django.db.models.AutoField'.
	HINT: Configure the DEFAULT_AUTO_FIELD setting or the AppConfig.default_auto_field attribute to point to a subclass of AutoField, e.g. 'django.db.models.BigAutoField'.
app.CanvasCategory: (models.W042) Auto-created primary key used when not defining a primary key type, by default 'django.db.models.AutoField'.
	HINT: Configure the DEFAULT_AUTO_FIELD setting or the AppConfig.default_auto_field attribute to point to a subclass of AutoField, e.g. 'django.db.models.BigAutoField'.
app.CanvasLabel: (models.W042) Auto-created primary key used when not defining a primary key type, by default 'django.db.models.AutoField'.
	HINT: Configure the DEFAULT_AUTO_FIELD setting or the AppConfig.default_auto_field attribute to point to a subclass of AutoField, e.g. 'django.db.models.BigAutoField'.
app.ChatMessage: (models.W042) Auto-created primary key used when not defining a primary key type, by default 'django.db.models.AutoField'.
	HINT: Configure the DEFAULT_AUTO_FIELD setting or the AppConfig.default_auto_field attribute to point to a subclass of AutoField, e.g. 'django.db.models.BigAutoField'.
app.ChatModerationEvent: (models.W042) Auto-created primary key used when not defining a primary key type, by default 'django.db.models.AutoField'.
	HINT: Configure the DEFAULT_AUTO_FIELD setting or the AppConfig.default_auto_field attribute to point to a subclass of AutoField, e.g. 'django.db.models.BigAutoField'.
app.ChatModerationState: (models.W042) Auto-created primary key used when not defining a primary key type, by default 'django.db.models.AutoField'.
	HINT: Configure the DEFAULT_AUTO_FIELD setting or the AppConfig.default_auto_field attribute to point to a subclass of AutoField, e.g. 'django.db.models.BigAutoField'.
app.ChatNotification: (models.W042) Auto-created primary key used when not defining a primary key type, by default 'django.db.models.AutoField'.
	HINT: Configure the DEFAULT_AUTO_FIELD setting or the AppConfig.default_auto_field attribute to point to a subclass of AutoField, e.g. 'django.db.models.BigAutoField'.
app.ChatSession: (models.W042) Auto-created primary key used when not defining a primary key type, by default 'django.db.models.AutoField'.
	HINT: Configure the DEFAULT_AUTO_FIELD setting or the AppConfig.default_auto_field attribute to point to a subclass of AutoField, e.g. 'django.db.models.BigAutoField'.
app.ConcernImage: (models.W042) Auto-created primary key used when not defining a primary key type, by default 'django.db.models.AutoField'.
	HINT: Configure the DEFAULT_AUTO_FIELD setting or the AppConfig.default_auto_field attribute to point to a subclass of AutoField, e.g. 'django.db.models.BigAutoField'.
app.ConcernTicket: (models.W042) Auto-created primary key used when not defining a primary key type, by default 'django.db.models.AutoField'.
	HINT: Configure the DEFAULT_AUTO_FIELD setting or the AppConfig.default_auto_field attribute to point to a subclass of AutoField, e.g. 'django.db.models.BigAutoField'.
app.Design: (models.W042) Auto-created primary key used when not defining a primary key type, by default 'django.db.models.AutoField'.
	HINT: Configure the DEFAULT_AUTO_FIELD setting or the AppConfig.default_auto_field attribute to point to a subclass of AutoField, e.g. 'django.db.models.BigAutoField'.
app.GCashConfig: (models.W042) Auto-created primary key used when not defining a primary key type, by default 'django.db.models.AutoField'.
	HINT: Configure the DEFAULT_AUTO_FIELD setting or the AppConfig.default_auto_field attribute to point to a subclass of AutoField, e.g. 'django.db.models.BigAutoField'.
app.GalleryCategory: (models.W042) Auto-created primary key used when not defining a primary key type, by default 'django.db.models.AutoField'.
	HINT: Configure the DEFAULT_AUTO_FIELD setting or the AppConfig.default_auto_field attribute to point to a subclass of AutoField, e.g. 'django.db.models.BigAutoField'.
app.GalleryImage: (models.W042) Auto-created primary key used when not defining a primary key type, by default 'django.db.models.AutoField'.
	HINT: Configure the DEFAULT_AUTO_FIELD setting or the AppConfig.default_auto_field attribute to point to a subclass of AutoField, e.g. 'django.db.models.BigAutoField'.
app.GuidelineItem: (models.W042) Auto-created primary key used when not defining a primary key type, by default 'django.db.models.AutoField'.
	HINT: Configure the DEFAULT_AUTO_FIELD setting or the AppConfig.default_auto_field attribute to point to a subclass of AutoField, e.g. 'django.db.models.BigAutoField'.
app.GuidelinePageContent: (models.W042) Auto-created primary key used when not defining a primary key type, by default 'django.db.models.AutoField'.
	HINT: Configure the DEFAULT_AUTO_FIELD setting or the AppConfig.default_auto_field attribute to point to a subclass of AutoField, e.g. 'django.db.models.BigAutoField'.
app.HomeContent: (models.W042) Auto-created primary key used when not defining a primary key type, by default 'django.db.models.AutoField'.
	HINT: Configure the DEFAULT_AUTO_FIELD setting or the AppConfig.default_auto_field attribute to point to a subclass of AutoField, e.g. 'django.db.models.BigAutoField'.
app.HomeFaqItem: (models.W042) Auto-created primary key used when not defining a primary key type, by default 'django.db.models.AutoField'.
	HINT: Configure the DEFAULT_AUTO_FIELD setting or the AppConfig.default_auto_field attribute to point to a subclass of AutoField, e.g. 'django.db.models.BigAutoField'.
app.HomeFeatureItem: (models.W042) Auto-created primary key used when not defining a primary key type, by default 'django.db.models.AutoField'.
	HINT: Configure the DEFAULT_AUTO_FIELD setting or the AppConfig.default_auto_field attribute to point to a subclass of AutoField, e.g. 'django.db.models.BigAutoField'.
app.HomeHowItWorksStep: (models.W042) Auto-created primary key used when not defining a primary key type, by default 'django.db.models.AutoField'.
	HINT: Configure the DEFAULT_AUTO_FIELD setting or the AppConfig.default_auto_field attribute to point to a subclass of AutoField, e.g. 'django.db.models.BigAutoField'.
app.MessageReaction: (models.W042) Auto-created primary key used when not defining a primary key type, by default 'django.db.models.AutoField'.
	HINT: Configure the DEFAULT_AUTO_FIELD setting or the AppConfig.default_auto_field attribute to point to a subclass of AutoField, e.g. 'django.db.models.BigAutoField'.
app.Notification: (models.W042) Auto-created primary key used when not defining a primary key type, by default 'django.db.models.AutoField'.
	HINT: Configure the DEFAULT_AUTO_FIELD setting or the AppConfig.default_auto_field attribute to point to a subclass of AutoField, e.g. 'django.db.models.BigAutoField'.
app.Package: (models.W042) Auto-created primary key used when not defining a primary key type, by default 'django.db.models.AutoField'.
	HINT: Configure the DEFAULT_AUTO_FIELD setting or the AppConfig.default_auto_field attribute to point to a subclass of AutoField, e.g. 'django.db.models.BigAutoField'.
app.Payment: (models.W042) Auto-created primary key used when not defining a primary key type, by default 'django.db.models.AutoField'.
	HINT: Configure the DEFAULT_AUTO_FIELD setting or the AppConfig.default_auto_field attribute to point to a subclass of AutoField, e.g. 'django.db.models.BigAutoField'.
app.QuickReply: (models.W042) Auto-created primary key used when not defining a primary key type, by default 'django.db.models.AutoField'.
	HINT: Configure the DEFAULT_AUTO_FIELD setting or the AppConfig.default_auto_field attribute to point to a subclass of AutoField, e.g. 'django.db.models.BigAutoField'.
app.Review: (models.W042) Auto-created primary key used when not defining a primary key type, by default 'django.db.models.AutoField'.
	HINT: Configure the DEFAULT_AUTO_FIELD setting or the AppConfig.default_auto_field attribute to point to a subclass of AutoField, e.g. 'django.db.models.BigAutoField'.
app.ReviewImage: (models.W042) Auto-created primary key used when not defining a primary key type, by default 'django.db.models.AutoField'.
	HINT: Configure the DEFAULT_AUTO_FIELD setting or the AppConfig.default_auto_field attribute to point to a subclass of AutoField, e.g. 'django.db.models.BigAutoField'.
app.ReviewReply: (models.W042) Auto-created primary key used when not defining a primary key type, by default 'django.db.models.AutoField'.
	HINT: Configure the DEFAULT_AUTO_FIELD setting or the AppConfig.default_auto_field attribute to point to a subclass of AutoField, e.g. 'django.db.models.BigAutoField'.
app.Service: (models.W042) Auto-created primary key used when not defining a primary key type, by default 'django.db.models.AutoField'.
	HINT: Configure the DEFAULT_AUTO_FIELD setting or the AppConfig.default_auto_field attribute to point to a subclass of AutoField, e.g. 'django.db.models.BigAutoField'.
app.ServiceChargeConfig: (models.W042) Auto-created primary key used when not defining a primary key type, by default 'django.db.models.AutoField'.
	HINT: Configure the DEFAULT_AUTO_FIELD setting or the AppConfig.default_auto_field attribute to point to a subclass of AutoField, e.g. 'django.db.models.BigAutoField'.
app.ServiceContent: (models.W042) Auto-created primary key used when not defining a primary key type, by default 'django.db.models.AutoField'.
	HINT: Configure the DEFAULT_AUTO_FIELD setting or the AppConfig.default_auto_field attribute to point to a subclass of AutoField, e.g. 'django.db.models.BigAutoField'.
app.SiteSettings: (models.W042) Auto-created primary key used when not defining a primary key type, by default 'django.db.models.AutoField'.
	HINT: Configure the DEFAULT_AUTO_FIELD setting or the AppConfig.default_auto_field attribute to point to a subclass of AutoField, e.g. 'django.db.models.BigAutoField'.
app.User: (models.W042) Auto-created primary key used when not defining a primary key type, by default 'django.db.models.AutoField'.
	HINT: Configure the DEFAULT_AUTO_FIELD setting or the AppConfig.default_auto_field attribute to point to a subclass of AutoField, e.g. 'django.db.models.BigAutoField'.
app.UserDesign: (models.W042) Auto-created primary key used when not defining a primary key type, by default 'django.db.models.AutoField'.
	HINT: Configure the DEFAULT_AUTO_FIELD setting or the AppConfig.default_auto_field attribute to point to a subclass of AutoField, e.g. 'django.db.models.BigAutoField'.

System check identified 45 issues (0 silenced).
C:\Users\Christian R\OneDrive\Desktop\Capstone---Updated-14\app\views.py changed, reloading.
Watching for file changes with StatReloader
System check identified some issues:

WARNINGS:
app.AboutContent: (models.W042) Auto-created primary key used when not defining a primary key type, by default 'django.db.models.AutoField'.
	HINT: Configure the DEFAULT_AUTO_FIELD setting or the AppConfig.default_auto_field attribute to point to a subclass of AutoField, e.g. 'django.db.models.BigAutoField'.
app.AboutJourneyItem: (models.W042) Auto-created primary key used when not defining a primary key type, by default 'django.db.models.AutoField'.
	HINT: Configure the DEFAULT_AUTO_FIELD setting or the AppConfig.default_auto_field attribute to point to a subclass of AutoField, e.g. 'django.db.models.BigAutoField'.
app.AboutValueItem: (models.W042) Auto-created primary key used when not defining a primary key type, by default 'django.db.models.AutoField'.
	HINT: Configure the DEFAULT_AUTO_FIELD setting or the AppConfig.default_auto_field attribute to point to a subclass of AutoField, e.g. 'django.db.models.BigAutoField'.
app.AddOn: (models.W042) Auto-created primary key used when not defining a primary key type, by default 'django.db.models.AutoField'.
	HINT: Configure the DEFAULT_AUTO_FIELD setting or the AppConfig.default_auto_field attribute to point to a subclass of AutoField, e.g. 'django.db.models.BigAutoField'.
app.AdditionalOnly: (models.W042) Auto-created primary key used when not defining a primary key type, by default 'django.db.models.AutoField'.
	HINT: Configure the DEFAULT_AUTO_FIELD setting or the AppConfig.default_auto_field attribute to point to a subclass of AutoField, e.g. 'django.db.models.BigAutoField'.
app.AdminNotification: (models.W042) Auto-created primary key used when not defining a primary key type, by default 'django.db.models.AutoField'.
	HINT: Configure the DEFAULT_AUTO_FIELD setting or the AppConfig.default_auto_field attribute to point to a subclass of AutoField, e.g. 'django.db.models.BigAutoField'.
app.AuditLog: (models.W042) Auto-created primary key used when not defining a primary key type, by default 'django.db.models.AutoField'.
	HINT: Configure the DEFAULT_AUTO_FIELD setting or the AppConfig.default_auto_field attribute to point to a subclass of AutoField, e.g. 'django.db.models.BigAutoField'.
app.BlockedDate: (models.W042) Auto-created primary key used when not defining a primary key type, by default 'django.db.models.AutoField'.
	HINT: Configure the DEFAULT_AUTO_FIELD setting or the AppConfig.default_auto_field attribute to point to a subclass of AutoField, e.g. 'django.db.models.BigAutoField'.
app.Booking: (models.W042) Auto-created primary key used when not defining a primary key type, by default 'django.db.models.AutoField'.
	HINT: Configure the DEFAULT_AUTO_FIELD setting or the AppConfig.default_auto_field attribute to point to a subclass of AutoField, e.g. 'django.db.models.BigAutoField'.
app.BookingImage: (models.W042) Auto-created primary key used when not defining a primary key type, by default 'django.db.models.AutoField'.
	HINT: Configure the DEFAULT_AUTO_FIELD setting or the AppConfig.default_auto_field attribute to point to a subclass of AutoField, e.g. 'django.db.models.BigAutoField'.
app.BookingStatusLog: (models.W042) Auto-created primary key used when not defining a primary key type, by default 'django.db.models.AutoField'.
	HINT: Configure the DEFAULT_AUTO_FIELD setting or the AppConfig.default_auto_field attribute to point to a subclass of AutoField, e.g. 'django.db.models.BigAutoField'.
app.CanvasAsset: (models.W042) Auto-created primary key used when not defining a primary key type, by default 'django.db.models.AutoField'.
	HINT: Configure the DEFAULT_AUTO_FIELD setting or the AppConfig.default_auto_field attribute to point to a subclass of AutoField, e.g. 'django.db.models.BigAutoField'.
app.CanvasCategory: (models.W042) Auto-created primary key used when not defining a primary key type, by default 'django.db.models.AutoField'.
	HINT: Configure the DEFAULT_AUTO_FIELD setting or the AppConfig.default_auto_field attribute to point to a subclass of AutoField, e.g. 'django.db.models.BigAutoField'.
app.CanvasLabel: (models.W042) Auto-created primary key used when not defining a primary key type, by default 'django.db.models.AutoField'.
	HINT: Configure the DEFAULT_AUTO_FIELD setting or the AppConfig.default_auto_field attribute to point to a subclass of AutoField, e.g. 'django.db.models.BigAutoField'.
app.ChatMessage: (models.W042) Auto-created primary key used when not defining a primary key type, by default 'django.db.models.AutoField'.
	HINT: Configure the DEFAULT_AUTO_FIELD setting or the AppConfig.default_auto_field attribute to point to a subclass of AutoField, e.g. 'django.db.models.BigAutoField'.
app.ChatModerationEvent: (models.W042) Auto-created primary key used when not defining a primary key type, by default 'django.db.models.AutoField'.
	HINT: Configure the DEFAULT_AUTO_FIELD setting or the AppConfig.default_auto_field attribute to point to a subclass of AutoField, e.g. 'django.db.models.BigAutoField'.
app.ChatModerationState: (models.W042) Auto-created primary key used when not defining a primary key type, by default 'django.db.models.AutoField'.
	HINT: Configure the DEFAULT_AUTO_FIELD setting or the AppConfig.default_auto_field attribute to point to a subclass of AutoField, e.g. 'django.db.models.BigAutoField'.
app.ChatNotification: (models.W042) Auto-created primary key used when not defining a primary key type, by default 'django.db.models.AutoField'.
	HINT: Configure the DEFAULT_AUTO_FIELD setting or the AppConfig.default_auto_field attribute to point to a subclass of AutoField, e.g. 'django.db.models.BigAutoField'.
app.ChatSession: (models.W042) Auto-created primary key used when not defining a primary key type, by default 'django.db.models.AutoField'.
	HINT: Configure the DEFAULT_AUTO_FIELD setting or the AppConfig.default_auto_field attribute to point to a subclass of AutoField, e.g. 'django.db.models.BigAutoField'.
app.ConcernImage: (models.W042) Auto-created primary key used when not defining a primary key type, by default 'django.db.models.AutoField'.
	HINT: Configure the DEFAULT_AUTO_FIELD setting or the AppConfig.default_auto_field attribute to point to a subclass of AutoField, e.g. 'django.db.models.BigAutoField'.
app.ConcernTicket: (models.W042) Auto-created primary key used when not defining a primary key type, by default 'django.db.models.AutoField'.
	HINT: Configure the DEFAULT_AUTO_FIELD setting or the AppConfig.default_auto_field attribute to point to a subclass of AutoField, e.g. 'django.db.models.BigAutoField'.
app.Design: (models.W042) Auto-created primary key used when not defining a primary key type, by default 'django.db.models.AutoField'.
	HINT: Configure the DEFAULT_AUTO_FIELD setting or the AppConfig.default_auto_field attribute to point to a subclass of AutoField, e.g. 'django.db.models.BigAutoField'.
app.GCashConfig: (models.W042) Auto-created primary key used when not defining a primary key type, by default 'django.db.models.AutoField'.
	HINT: Configure the DEFAULT_AUTO_FIELD setting or the AppConfig.default_auto_field attribute to point to a subclass of AutoField, e.g. 'django.db.models.BigAutoField'.
app.GalleryCategory: (models.W042) Auto-created primary key used when not defining a primary key type, by default 'django.db.models.AutoField'.
	HINT: Configure the DEFAULT_AUTO_FIELD setting or the AppConfig.default_auto_field attribute to point to a subclass of AutoField, e.g. 'django.db.models.BigAutoField'.
app.GalleryImage: (models.W042) Auto-created primary key used when not defining a primary key type, by default 'django.db.models.AutoField'.
	HINT: Configure the DEFAULT_AUTO_FIELD setting or the AppConfig.default_auto_field attribute to point to a subclass of AutoField, e.g. 'django.db.models.BigAutoField'.
app.GuidelineItem: (models.W042) Auto-created primary key used when not defining a primary key type, by default 'django.db.models.AutoField'.
	HINT: Configure the DEFAULT_AUTO_FIELD setting or the AppConfig.default_auto_field attribute to point to a subclass of AutoField, e.g. 'django.db.models.BigAutoField'.
app.GuidelinePageContent: (models.W042) Auto-created primary key used when not defining a primary key type, by default 'django.db.models.AutoField'.
	HINT: Configure the DEFAULT_AUTO_FIELD setting or the AppConfig.default_auto_field attribute to point to a subclass of AutoField, e.g. 'django.db.models.BigAutoField'.
app.HomeContent: (models.W042) Auto-created primary key used when not defining a primary key type, by default 'django.db.models.AutoField'.
	HINT: Configure the DEFAULT_AUTO_FIELD setting or the AppConfig.default_auto_field attribute to point to a subclass of AutoField, e.g. 'django.db.models.BigAutoField'.
app.HomeFaqItem: (models.W042) Auto-created primary key used when not defining a primary key type, by default 'django.db.models.AutoField'.
	HINT: Configure the DEFAULT_AUTO_FIELD setting or the AppConfig.default_auto_field attribute to point to a subclass of AutoField, e.g. 'django.db.models.BigAutoField'.
app.HomeFeatureItem: (models.W042) Auto-created primary key used when not defining a primary key type, by default 'django.db.models.AutoField'.
	HINT: Configure the DEFAULT_AUTO_FIELD setting or the AppConfig.default_auto_field attribute to point to a subclass of AutoField, e.g. 'django.db.models.BigAutoField'.
app.HomeHowItWorksStep: (models.W042) Auto-created primary key used when not defining a primary key type, by default 'django.db.models.AutoField'.
	HINT: Configure the DEFAULT_AUTO_FIELD setting or the AppConfig.default_auto_field attribute to point to a subclass of AutoField, e.g. 'django.db.models.BigAutoField'.
app.MessageReaction: (models.W042) Auto-created primary key used when not defining a primary key type, by default 'django.db.models.AutoField'.
	HINT: Configure the DEFAULT_AUTO_FIELD setting or the AppConfig.default_auto_field attribute to point to a subclass of AutoField, e.g. 'django.db.models.BigAutoField'.
app.Notification: (models.W042) Auto-created primary key used when not defining a primary key type, by default 'django.db.models.AutoField'.
	HINT: Configure the DEFAULT_AUTO_FIELD setting or the AppConfig.default_auto_field attribute to point to a subclass of AutoField, e.g. 'django.db.models.BigAutoField'.
app.Package: (models.W042) Auto-created primary key used when not defining a primary key type, by default 'django.db.models.AutoField'.
	HINT: Configure the DEFAULT_AUTO_FIELD setting or the AppConfig.default_auto_field attribute to point to a subclass of AutoField, e.g. 'django.db.models.BigAutoField'.
app.Payment: (models.W042) Auto-created primary key used when not defining a primary key type, by default 'django.db.models.AutoField'.
	HINT: Configure the DEFAULT_AUTO_FIELD setting or the AppConfig.default_auto_field attribute to point to a subclass of AutoField, e.g. 'django.db.models.BigAutoField'.
app.QuickReply: (models.W042) Auto-created primary key used when not defining a primary key type, by default 'django.db.models.AutoField'.
	HINT: Configure the DEFAULT_AUTO_FIELD setting or the AppConfig.default_auto_field attribute to point to a subclass of AutoField, e.g. 'django.db.models.BigAutoField'.
app.Review: (models.W042) Auto-created primary key used when not defining a primary key type, by default 'django.db.models.AutoField'.
	HINT: Configure the DEFAULT_AUTO_FIELD setting or the AppConfig.default_auto_field attribute to point to a subclass of AutoField, e.g. 'django.db.models.BigAutoField'.
app.ReviewImage: (models.W042) Auto-created primary key used when not defining a primary key type, by default 'django.db.models.AutoField'.
	HINT: Configure the DEFAULT_AUTO_FIELD setting or the AppConfig.default_auto_field attribute to point to a subclass of AutoField, e.g. 'django.db.models.BigAutoField'.
app.ReviewReply: (models.W042) Auto-created primary key used when not defining a primary key type, by default 'django.db.models.AutoField'.
	HINT: Configure the DEFAULT_AUTO_FIELD setting or the AppConfig.default_auto_field attribute to point to a subclass of AutoField, e.g. 'django.db.models.BigAutoField'.
app.Service: (models.W042) Auto-created primary key used when not defining a primary key type, by default 'django.db.models.AutoField'.
	HINT: Configure the DEFAULT_AUTO_FIELD setting or the AppConfig.default_auto_field attribute to point to a subclass of AutoField, e.g. 'django.db.models.BigAutoField'.
app.ServiceChargeConfig: (models.W042) Auto-created primary key used when not defining a primary key type, by default 'django.db.models.AutoField'.
	HINT: Configure the DEFAULT_AUTO_FIELD setting or the AppConfig.default_auto_field attribute to point to a subclass of AutoField, e.g. 'django.db.models.BigAutoField'.
app.ServiceContent: (models.W042) Auto-created primary key used when not defining a primary key type, by default 'django.db.models.AutoField'.
	HINT: Configure the DEFAULT_AUTO_FIELD setting or the AppConfig.default_auto_field attribute to point to a subclass of AutoField, e.g. 'django.db.models.BigAutoField'.
app.SiteSettings: (models.W042) Auto-created primary key used when not defining a primary key type, by default 'django.db.models.AutoField'.
	HINT: Configure the DEFAULT_AUTO_FIELD setting or the AppConfig.default_auto_field attribute to point to a subclass of AutoField, e.g. 'django.db.models.BigAutoField'.
app.User: (models.W042) Auto-created primary key used when not defining a primary key type, by default 'django.db.models.AutoField'.
	HINT: Configure the DEFAULT_AUTO_FIELD setting or the AppConfig.default_auto_field attribute to point to a subclass of AutoField, e.g. 'django.db.models.BigAutoField'.
app.UserDesign: (models.W042) Auto-created primary key used when not defining a primary key type, by default 'django.db.models.AutoField'.
	HINT: Configure the DEFAULT_AUTO_FIELD setting or the AppConfig.default_auto_field attribute to point to a subclass of AutoField, e.g. 'django.db.models.BigAutoField'.

System check identified 45 issues (0 silenced).
C:\Users\Christian R\OneDrive\Desktop\Capstone---Updated-14\app\views.py changed, reloading.
Watching for file changes with StatReloader
System check identified some issues:

WARNINGS:
app.AboutContent: (models.W042) Auto-created primary key used when not defining a primary key type, by default 'django.db.models.AutoField'.
	HINT: Configure the DEFAULT_AUTO_FIELD setting or the AppConfig.default_auto_field attribute to point to a subclass of AutoField, e.g. 'django.db.models.BigAutoField'.
app.AboutJourneyItem: (models.W042) Auto-created primary key used when not defining a primary key type, by default 'django.db.models.AutoField'.
	HINT: Configure the DEFAULT_AUTO_FIELD setting or the AppConfig.default_auto_field attribute to point to a subclass of AutoField, e.g. 'django.db.models.BigAutoField'.
app.AboutValueItem: (models.W042) Auto-created primary key used when not defining a primary key type, by default 'django.db.models.AutoField'.
	HINT: Configure the DEFAULT_AUTO_FIELD setting or the AppConfig.default_auto_field attribute to point to a subclass of AutoField, e.g. 'django.db.models.BigAutoField'.
app.AddOn: (models.W042) Auto-created primary key used when not defining a primary key type, by default 'django.db.models.AutoField'.
	HINT: Configure the DEFAULT_AUTO_FIELD setting or the AppConfig.default_auto_field attribute to point to a subclass of AutoField, e.g. 'django.db.models.BigAutoField'.
app.AdditionalOnly: (models.W042) Auto-created primary key used when not defining a primary key type, by default 'django.db.models.AutoField'.
	HINT: Configure the DEFAULT_AUTO_FIELD setting or the AppConfig.default_auto_field attribute to point to a subclass of AutoField, e.g. 'django.db.models.BigAutoField'.
app.AdminNotification: (models.W042) Auto-created primary key used when not defining a primary key type, by default 'django.db.models.AutoField'.
	HINT: Configure the DEFAULT_AUTO_FIELD setting or the AppConfig.default_auto_field attribute to point to a subclass of AutoField, e.g. 'django.db.models.BigAutoField'.
app.AuditLog: (models.W042) Auto-created primary key used when not defining a primary key type, by default 'django.db.models.AutoField'.
	HINT: Configure the DEFAULT_AUTO_FIELD setting or the AppConfig.default_auto_field attribute to point to a subclass of AutoField, e.g. 'django.db.models.BigAutoField'.
app.BlockedDate: (models.W042) Auto-created primary key used when not defining a primary key type, by default 'django.db.models.AutoField'.
	HINT: Configure the DEFAULT_AUTO_FIELD setting or the AppConfig.default_auto_field attribute to point to a subclass of AutoField, e.g. 'django.db.models.BigAutoField'.
app.Booking: (models.W042) Auto-created primary key used when not defining a primary key type, by default 'django.db.models.AutoField'.
	HINT: Configure the DEFAULT_AUTO_FIELD setting or the AppConfig.default_auto_field attribute to point to a subclass of AutoField, e.g. 'django.db.models.BigAutoField'.
app.BookingImage: (models.W042) Auto-created primary key used when not defining a primary key type, by default 'django.db.models.AutoField'.
	HINT: Configure the DEFAULT_AUTO_FIELD setting or the AppConfig.default_auto_field attribute to point to a subclass of AutoField, e.g. 'django.db.models.BigAutoField'.
app.BookingStatusLog: (models.W042) Auto-created primary key used when not defining a primary key type, by default 'django.db.models.AutoField'.
	HINT: Configure the DEFAULT_AUTO_FIELD setting or the AppConfig.default_auto_field attribute to point to a subclass of AutoField, e.g. 'django.db.models.BigAutoField'.
app.CanvasAsset: (models.W042) Auto-created primary key used when not defining a primary key type, by default 'django.db.models.AutoField'.
	HINT: Configure the DEFAULT_AUTO_FIELD setting or the AppConfig.default_auto_field attribute to point to a subclass of AutoField, e.g. 'django.db.models.BigAutoField'.
app.CanvasCategory: (models.W042) Auto-created primary key used when not defining a primary key type, by default 'django.db.models.AutoField'.
	HINT: Configure the DEFAULT_AUTO_FIELD setting or the AppConfig.default_auto_field attribute to point to a subclass of AutoField, e.g. 'django.db.models.BigAutoField'.
app.CanvasLabel: (models.W042) Auto-created primary key used when not defining a primary key type, by default 'django.db.models.AutoField'.
	HINT: Configure the DEFAULT_AUTO_FIELD setting or the AppConfig.default_auto_field attribute to point to a subclass of AutoField, e.g. 'django.db.models.BigAutoField'.
app.ChatMessage: (models.W042) Auto-created primary key used when not defining a primary key type, by default 'django.db.models.AutoField'.
	HINT: Configure the DEFAULT_AUTO_FIELD setting or the AppConfig.default_auto_field attribute to point to a subclass of AutoField, e.g. 'django.db.models.BigAutoField'.
app.ChatModerationEvent: (models.W042) Auto-created primary key used when not defining a primary key type, by default 'django.db.models.AutoField'.
	HINT: Configure the DEFAULT_AUTO_FIELD setting or the AppConfig.default_auto_field attribute to point to a subclass of AutoField, e.g. 'django.db.models.BigAutoField'.
app.ChatModerationState: (models.W042) Auto-created primary key used when not defining a primary key type, by default 'django.db.models.AutoField'.
	HINT: Configure the DEFAULT_AUTO_FIELD setting or the AppConfig.default_auto_field attribute to point to a subclass of AutoField, e.g. 'django.db.models.BigAutoField'.
app.ChatNotification: (models.W042) Auto-created primary key used when not defining a primary key type, by default 'django.db.models.AutoField'.
	HINT: Configure the DEFAULT_AUTO_FIELD setting or the AppConfig.default_auto_field attribute to point to a subclass of AutoField, e.g. 'django.db.models.BigAutoField'.
app.ChatSession: (models.W042) Auto-created primary key used when not defining a primary key type, by default 'django.db.models.AutoField'.
	HINT: Configure the DEFAULT_AUTO_FIELD setting or the AppConfig.default_auto_field attribute to point to a subclass of AutoField, e.g. 'django.db.models.BigAutoField'.
app.ConcernImage: (models.W042) Auto-created primary key used when not defining a primary key type, by default 'django.db.models.AutoField'.
	HINT: Configure the DEFAULT_AUTO_FIELD setting or the AppConfig.default_auto_field attribute to point to a subclass of AutoField, e.g. 'django.db.models.BigAutoField'.
app.ConcernTicket: (models.W042) Auto-created primary key used when not defining a primary key type, by default 'django.db.models.AutoField'.
	HINT: Configure the DEFAULT_AUTO_FIELD setting or the AppConfig.default_auto_field attribute to point to a subclass of AutoField, e.g. 'django.db.models.BigAutoField'.
app.Design: (models.W042) Auto-created primary key used when not defining a primary key type, by default 'django.db.models.AutoField'.
	HINT: Configure the DEFAULT_AUTO_FIELD setting or the AppConfig.default_auto_field attribute to point to a subclass of AutoField, e.g. 'django.db.models.BigAutoField'.
app.GCashConfig: (models.W042) Auto-created primary key used when not defining a primary key type, by default 'django.db.models.AutoField'.
	HINT: Configure the DEFAULT_AUTO_FIELD setting or the AppConfig.default_auto_field attribute to point to a subclass of AutoField, e.g. 'django.db.models.BigAutoField'.
app.GalleryCategory: (models.W042) Auto-created primary key used when not defining a primary key type, by default 'django.db.models.AutoField'.
	HINT: Configure the DEFAULT_AUTO_FIELD setting or the AppConfig.default_auto_field attribute to point to a subclass of AutoField, e.g. 'django.db.models.BigAutoField'.
app.GalleryImage: (models.W042) Auto-created primary key used when not defining a primary key type, by default 'django.db.models.AutoField'.
	HINT: Configure the DEFAULT_AUTO_FIELD setting or the AppConfig.default_auto_field attribute to point to a subclass of AutoField, e.g. 'django.db.models.BigAutoField'.
app.GuidelineItem: (models.W042) Auto-created primary key used when not defining a primary key type, by default 'django.db.models.AutoField'.
	HINT: Configure the DEFAULT_AUTO_FIELD setting or the AppConfig.default_auto_field attribute to point to a subclass of AutoField, e.g. 'django.db.models.BigAutoField'.
app.GuidelinePageContent: (models.W042) Auto-created primary key used when not defining a primary key type, by default 'django.db.models.AutoField'.
	HINT: Configure the DEFAULT_AUTO_FIELD setting or the AppConfig.default_auto_field attribute to point to a subclass of AutoField, e.g. 'django.db.models.BigAutoField'.
app.HomeContent: (models.W042) Auto-created primary key used when not defining a primary key type, by default 'django.db.models.AutoField'.
	HINT: Configure the DEFAULT_AUTO_FIELD setting or the AppConfig.default_auto_field attribute to point to a subclass of AutoField, e.g. 'django.db.models.BigAutoField'.
app.HomeFaqItem: (models.W042) Auto-created primary key used when not defining a primary key type, by default 'django.db.models.AutoField'.
	HINT: Configure the DEFAULT_AUTO_FIELD setting or the AppConfig.default_auto_field attribute to point to a subclass of AutoField, e.g. 'django.db.models.BigAutoField'.
app.HomeFeatureItem: (models.W042) Auto-created primary key used when not defining a primary key type, by default 'django.db.models.AutoField'.
	HINT: Configure the DEFAULT_AUTO_FIELD setting or the AppConfig.default_auto_field attribute to point to a subclass of AutoField, e.g. 'django.db.models.BigAutoField'.
app.HomeHowItWorksStep: (models.W042) Auto-created primary key used when not defining a primary key type, by default 'django.db.models.AutoField'.
	HINT: Configure the DEFAULT_AUTO_FIELD setting or the AppConfig.default_auto_field attribute to point to a subclass of AutoField, e.g. 'django.db.models.BigAutoField'.
app.MessageReaction: (models.W042) Auto-created primary key used when not defining a primary key type, by default 'django.db.models.AutoField'.
	HINT: Configure the DEFAULT_AUTO_FIELD setting or the AppConfig.default_auto_field attribute to point to a subclass of AutoField, e.g. 'django.db.models.BigAutoField'.
app.Notification: (models.W042) Auto-created primary key used when not defining a primary key type, by default 'django.db.models.AutoField'.
	HINT: Configure the DEFAULT_AUTO_FIELD setting or the AppConfig.default_auto_field attribute to point to a subclass of AutoField, e.g. 'django.db.models.BigAutoField'.
app.Package: (models.W042) Auto-created primary key used when not defining a primary key type, by default 'django.db.models.AutoField'.
	HINT: Configure the DEFAULT_AUTO_FIELD setting or the AppConfig.default_auto_field attribute to point to a subclass of AutoField, e.g. 'django.db.models.BigAutoField'.
app.Payment: (models.W042) Auto-created primary key used when not defining a primary key type, by default 'django.db.models.AutoField'.
	HINT: Configure the DEFAULT_AUTO_FIELD setting or the AppConfig.default_auto_field attribute to point to a subclass of AutoField, e.g. 'django.db.models.BigAutoField'.
app.QuickReply: (models.W042) Auto-created primary key used when not defining a primary key type, by default 'django.db.models.AutoField'.
	HINT: Configure the DEFAULT_AUTO_FIELD setting or the AppConfig.default_auto_field attribute to point to a subclass of AutoField, e.g. 'django.db.models.BigAutoField'.
app.Review: (models.W042) Auto-created primary key used when not defining a primary key type, by default 'django.db.models.AutoField'.
	HINT: Configure the DEFAULT_AUTO_FIELD setting or the AppConfig.default_auto_field attribute to point to a subclass of AutoField, e.g. 'django.db.models.BigAutoField'.
app.ReviewImage: (models.W042) Auto-created primary key used when not defining a primary key type, by default 'django.db.models.AutoField'.
	HINT: Configure the DEFAULT_AUTO_FIELD setting or the AppConfig.default_auto_field attribute to point to a subclass of AutoField, e.g. 'django.db.models.BigAutoField'.
app.ReviewReply: (models.W042) Auto-created primary key used when not defining a primary key type, by default 'django.db.models.AutoField'.
	HINT: Configure the DEFAULT_AUTO_FIELD setting or the AppConfig.default_auto_field attribute to point to a subclass of AutoField, e.g. 'django.db.models.BigAutoField'.
app.Service: (models.W042) Auto-created primary key used when not defining a primary key type, by default 'django.db.models.AutoField'.
	HINT: Configure the DEFAULT_AUTO_FIELD setting or the AppConfig.default_auto_field attribute to point to a subclass of AutoField, e.g. 'django.db.models.BigAutoField'.
app.ServiceChargeConfig: (models.W042) Auto-created primary key used when not defining a primary key type, by default 'django.db.models.AutoField'.
	HINT: Configure the DEFAULT_AUTO_FIELD setting or the AppConfig.default_auto_field attribute to point to a subclass of AutoField, e.g. 'django.db.models.BigAutoField'.
app.ServiceContent: (models.W042) Auto-created primary key used when not defining a primary key type, by default 'django.db.models.AutoField'.
	HINT: Configure the DEFAULT_AUTO_FIELD setting or the AppConfig.default_auto_field attribute to point to a subclass of AutoField, e.g. 'django.db.models.BigAutoField'.
app.SiteSettings: (models.W042) Auto-created primary key used when not defining a primary key type, by default 'django.db.models.AutoField'.
	HINT: Configure the DEFAULT_AUTO_FIELD setting or the AppConfig.default_auto_field attribute to point to a subclass of AutoField, e.g. 'django.db.models.BigAutoField'.
app.User: (models.W042) Auto-created primary key used when not defining a primary key type, by default 'django.db.models.AutoField'.
	HINT: Configure the DEFAULT_AUTO_FIELD setting or the AppConfig.default_auto_field attribute to point to a subclass of AutoField, e.g. 'django.db.models.BigAutoField'.
app.UserDesign: (models.W042) Auto-created primary key used when not defining a primary key type, by default 'django.db.models.AutoField'.
	HINT: Configure the DEFAULT_AUTO_FIELD setting or the AppConfig.default_auto_field attribute to point to a subclass of AutoField, e.g. 'django.db.models.BigAutoField'.

System check identified 45 issues (0 silenced).
C:\Users\Christian R\OneDrive\Desktop\Capstone---Updated-14\app\views.py changed, reloading.
Watching for file changes with StatReloader
System check identified some issues:

WARNINGS:
app.AboutContent: (models.W042) Auto-created primary key used when not defining a primary key type, by default 'django.db.models.AutoField'.
	HINT: Configure the DEFAULT_AUTO_FIELD setting or the AppConfig.default_auto_field attribute to point to a subclass of AutoField, e.g. 'django.db.models.BigAutoField'.
app.AboutJourneyItem: (models.W042) Auto-created primary key used when not defining a primary key type, by default 'django.db.models.AutoField'.
	HINT: Configure the DEFAULT_AUTO_FIELD setting or the AppConfig.default_auto_field attribute to point to a subclass of AutoField, e.g. 'django.db.models.BigAutoField'.
app.AboutValueItem: (models.W042) Auto-created primary key used when not defining a primary key type, by default 'django.db.models.AutoField'.
	HINT: Configure the DEFAULT_AUTO_FIELD setting or the AppConfig.default_auto_field attribute to point to a subclass of AutoField, e.g. 'django.db.models.BigAutoField'.
app.AddOn: (models.W042) Auto-created primary key used when not defining a primary key type, by default 'django.db.models.AutoField'.
	HINT: Configure the DEFAULT_AUTO_FIELD setting or the AppConfig.default_auto_field attribute to point to a subclass of AutoField, e.g. 'django.db.models.BigAutoField'.
app.AdditionalOnly: (models.W042) Auto-created primary key used when not defining a primary key type, by default 'django.db.models.AutoField'.
	HINT: Configure the DEFAULT_AUTO_FIELD setting or the AppConfig.default_auto_field attribute to point to a subclass of AutoField, e.g. 'django.db.models.BigAutoField'.
app.AdminNotification: (models.W042) Auto-created primary key used when not defining a primary key type, by default 'django.db.models.AutoField'.
	HINT: Configure the DEFAULT_AUTO_FIELD setting or the AppConfig.default_auto_field attribute to point to a subclass of AutoField, e.g. 'django.db.models.BigAutoField'.
app.AuditLog: (models.W042) Auto-created primary key used when not defining a primary key type, by default 'django.db.models.AutoField'.
	HINT: Configure the DEFAULT_AUTO_FIELD setting or the AppConfig.default_auto_field attribute to point to a subclass of AutoField, e.g. 'django.db.models.BigAutoField'.
app.BlockedDate: (models.W042) Auto-created primary key used when not defining a primary key type, by default 'django.db.models.AutoField'.
	HINT: Configure the DEFAULT_AUTO_FIELD setting or the AppConfig.default_auto_field attribute to point to a subclass of AutoField, e.g. 'django.db.models.BigAutoField'.
app.Booking: (models.W042) Auto-created primary key used when not defining a primary key type, by default 'django.db.models.AutoField'.
	HINT: Configure the DEFAULT_AUTO_FIELD setting or the AppConfig.default_auto_field attribute to point to a subclass of AutoField, e.g. 'django.db.models.BigAutoField'.
app.BookingImage: (models.W042) Auto-created primary key used when not defining a primary key type, by default 'django.db.models.AutoField'.
	HINT: Configure the DEFAULT_AUTO_FIELD setting or the AppConfig.default_auto_field attribute to point to a subclass of AutoField, e.g. 'django.db.models.BigAutoField'.
app.BookingStatusLog: (models.W042) Auto-created primary key used when not defining a primary key type, by default 'django.db.models.AutoField'.
	HINT: Configure the DEFAULT_AUTO_FIELD setting or the AppConfig.default_auto_field attribute to point to a subclass of AutoField, e.g. 'django.db.models.BigAutoField'.
app.CanvasAsset: (models.W042) Auto-created primary key used when not defining a primary key type, by default 'django.db.models.AutoField'.
	HINT: Configure the DEFAULT_AUTO_FIELD setting or the AppConfig.default_auto_field attribute to point to a subclass of AutoField, e.g. 'django.db.models.BigAutoField'.
app.CanvasCategory: (models.W042) Auto-created primary key used when not defining a primary key type, by default 'django.db.models.AutoField'.
	HINT: Configure the DEFAULT_AUTO_FIELD setting or the AppConfig.default_auto_field attribute to point to a subclass of AutoField, e.g. 'django.db.models.BigAutoField'.
app.CanvasLabel: (models.W042) Auto-created primary key used when not defining a primary key type, by default 'django.db.models.AutoField'.
	HINT: Configure the DEFAULT_AUTO_FIELD setting or the AppConfig.default_auto_field attribute to point to a subclass of AutoField, e.g. 'django.db.models.BigAutoField'.
app.ChatMessage: (models.W042) Auto-created primary key used when not defining a primary key type, by default 'django.db.models.AutoField'.
	HINT: Configure the DEFAULT_AUTO_FIELD setting or the AppConfig.default_auto_field attribute to point to a subclass of AutoField, e.g. 'django.db.models.BigAutoField'.
app.ChatModerationEvent: (models.W042) Auto-created primary key used when not defining a primary key type, by default 'django.db.models.AutoField'.
	HINT: Configure the DEFAULT_AUTO_FIELD setting or the AppConfig.default_auto_field attribute to point to a subclass of AutoField, e.g. 'django.db.models.BigAutoField'.
app.ChatModerationState: (models.W042) Auto-created primary key used when not defining a primary key type, by default 'django.db.models.AutoField'.
	HINT: Configure the DEFAULT_AUTO_FIELD setting or the AppConfig.default_auto_field attribute to point to a subclass of AutoField, e.g. 'django.db.models.BigAutoField'.
app.ChatNotification: (models.W042) Auto-created primary key used when not defining a primary key type, by default 'django.db.models.AutoField'.
	HINT: Configure the DEFAULT_AUTO_FIELD setting or the AppConfig.default_auto_field attribute to point to a subclass of AutoField, e.g. 'django.db.models.BigAutoField'.
app.ChatSession: (models.W042) Auto-created primary key used when not defining a primary key type, by default 'django.db.models.AutoField'.
	HINT: Configure the DEFAULT_AUTO_FIELD setting or the AppConfig.default_auto_field attribute to point to a subclass of AutoField, e.g. 'django.db.models.BigAutoField'.
app.ConcernImage: (models.W042) Auto-created primary key used when not defining a primary key type, by default 'django.db.models.AutoField'.
	HINT: Configure the DEFAULT_AUTO_FIELD setting or the AppConfig.default_auto_field attribute to point to a subclass of AutoField, e.g. 'django.db.models.BigAutoField'.
app.ConcernTicket: (models.W042) Auto-created primary key used when not defining a primary key type, by default 'django.db.models.AutoField'.
	HINT: Configure the DEFAULT_AUTO_FIELD setting or the AppConfig.default_auto_field attribute to point to a subclass of AutoField, e.g. 'django.db.models.BigAutoField'.
app.Design: (models.W042) Auto-created primary key used when not defining a primary key type, by default 'django.db.models.AutoField'.
	HINT: Configure the DEFAULT_AUTO_FIELD setting or the AppConfig.default_auto_field attribute to point to a subclass of AutoField, e.g. 'django.db.models.BigAutoField'.
app.GCashConfig: (models.W042) Auto-created primary key used when not defining a primary key type, by default 'django.db.models.AutoField'.
	HINT: Configure the DEFAULT_AUTO_FIELD setting or the AppConfig.default_auto_field attribute to point to a subclass of AutoField, e.g. 'django.db.models.BigAutoField'.
app.GalleryCategory: (models.W042) Auto-created primary key used when not defining a primary key type, by default 'django.db.models.AutoField'.
	HINT: Configure the DEFAULT_AUTO_FIELD setting or the AppConfig.default_auto_field attribute to point to a subclass of AutoField, e.g. 'django.db.models.BigAutoField'.
app.GalleryImage: (models.W042) Auto-created primary key used when not defining a primary key type, by default 'django.db.models.AutoField'.
	HINT: Configure the DEFAULT_AUTO_FIELD setting or the AppConfig.default_auto_field attribute to point to a subclass of AutoField, e.g. 'django.db.models.BigAutoField'.
app.GuidelineItem: (models.W042) Auto-created primary key used when not defining a primary key type, by default 'django.db.models.AutoField'.
	HINT: Configure the DEFAULT_AUTO_FIELD setting or the AppConfig.default_auto_field attribute to point to a subclass of AutoField, e.g. 'django.db.models.BigAutoField'.
app.GuidelinePageContent: (models.W042) Auto-created primary key used when not defining a primary key type, by default 'django.db.models.AutoField'.
	HINT: Configure the DEFAULT_AUTO_FIELD setting or the AppConfig.default_auto_field attribute to point to a subclass of AutoField, e.g. 'django.db.models.BigAutoField'.
app.HomeContent: (models.W042) Auto-created primary key used when not defining a primary key type, by default 'django.db.models.AutoField'.
	HINT: Configure the DEFAULT_AUTO_FIELD setting or the AppConfig.default_auto_field attribute to point to a subclass of AutoField, e.g. 'django.db.models.BigAutoField'.
app.HomeFaqItem: (models.W042) Auto-created primary key used when not defining a primary key type, by default 'django.db.models.AutoField'.
	HINT: Configure the DEFAULT_AUTO_FIELD setting or the AppConfig.default_auto_field attribute to point to a subclass of AutoField, e.g. 'django.db.models.BigAutoField'.
app.HomeFeatureItem: (models.W042) Auto-created primary key used when not defining a primary key type, by default 'django.db.models.AutoField'.
	HINT: Configure the DEFAULT_AUTO_FIELD setting or the AppConfig.default_auto_field attribute to point to a subclass of AutoField, e.g. 'django.db.models.BigAutoField'.
app.HomeHowItWorksStep: (models.W042) Auto-created primary key used when not defining a primary key type, by default 'django.db.models.AutoField'.
	HINT: Configure the DEFAULT_AUTO_FIELD setting or the AppConfig.default_auto_field attribute to point to a subclass of AutoField, e.g. 'django.db.models.BigAutoField'.
app.MessageReaction: (models.W042) Auto-created primary key used when not defining a primary key type, by default 'django.db.models.AutoField'.
	HINT: Configure the DEFAULT_AUTO_FIELD setting or the AppConfig.default_auto_field attribute to point to a subclass of AutoField, e.g. 'django.db.models.BigAutoField'.
app.Notification: (models.W042) Auto-created primary key used when not defining a primary key type, by default 'django.db.models.AutoField'.
	HINT: Configure the DEFAULT_AUTO_FIELD setting or the AppConfig.default_auto_field attribute to point to a subclass of AutoField, e.g. 'django.db.models.BigAutoField'.
app.Package: (models.W042) Auto-created primary key used when not defining a primary key type, by default 'django.db.models.AutoField'.
	HINT: Configure the DEFAULT_AUTO_FIELD setting or the AppConfig.default_auto_field attribute to point to a subclass of AutoField, e.g. 'django.db.models.BigAutoField'.
app.Payment: (models.W042) Auto-created primary key used when not defining a primary key type, by default 'django.db.models.AutoField'.
	HINT: Configure the DEFAULT_AUTO_FIELD setting or the AppConfig.default_auto_field attribute to point to a subclass of AutoField, e.g. 'django.db.models.BigAutoField'.
app.QuickReply: (models.W042) Auto-created primary key used when not defining a primary key type, by default 'django.db.models.AutoField'.
	HINT: Configure the DEFAULT_AUTO_FIELD setting or the AppConfig.default_auto_field attribute to point to a subclass of AutoField, e.g. 'django.db.models.BigAutoField'.
app.Review: (models.W042) Auto-created primary key used when not defining a primary key type, by default 'django.db.models.AutoField'.
	HINT: Configure the DEFAULT_AUTO_FIELD setting or the AppConfig.default_auto_field attribute to point to a subclass of AutoField, e.g. 'django.db.models.BigAutoField'.
app.ReviewImage: (models.W042) Auto-created primary key used when not defining a primary key type, by default 'django.db.models.AutoField'.
	HINT: Configure the DEFAULT_AUTO_FIELD setting or the AppConfig.default_auto_field attribute to point to a subclass of AutoField, e.g. 'django.db.models.BigAutoField'.
app.ReviewReply: (models.W042) Auto-created primary key used when not defining a primary key type, by default 'django.db.models.AutoField'.
	HINT: Configure the DEFAULT_AUTO_FIELD setting or the AppConfig.default_auto_field attribute to point to a subclass of AutoField, e.g. 'django.db.models.BigAutoField'.
app.Service: (models.W042) Auto-created primary key used when not defining a primary key type, by default 'django.db.models.AutoField'.
	HINT: Configure the DEFAULT_AUTO_FIELD setting or the AppConfig.default_auto_field attribute to point to a subclass of AutoField, e.g. 'django.db.models.BigAutoField'.
app.ServiceChargeConfig: (models.W042) Auto-created primary key used when not defining a primary key type, by default 'django.db.models.AutoField'.
	HINT: Configure the DEFAULT_AUTO_FIELD setting or the AppConfig.default_auto_field attribute to point to a subclass of AutoField, e.g. 'django.db.models.BigAutoField'.
app.ServiceContent: (models.W042) Auto-created primary key used when not defining a primary key type, by default 'django.db.models.AutoField'.
	HINT: Configure the DEFAULT_AUTO_FIELD setting or the AppConfig.default_auto_field attribute to point to a subclass of AutoField, e.g. 'django.db.models.BigAutoField'.
app.SiteSettings: (models.W042) Auto-created primary key used when not defining a primary key type, by default 'django.db.models.AutoField'.
	HINT: Configure the DEFAULT_AUTO_FIELD setting or the AppConfig.default_auto_field attribute to point to a subclass of AutoField, e.g. 'django.db.models.BigAutoField'.
app.User: (models.W042) Auto-created primary key used when not defining a primary key type, by default 'django.db.models.AutoField'.
	HINT: Configure the DEFAULT_AUTO_FIELD setting or the AppConfig.default_auto_field attribute to point to a subclass of AutoField, e.g. 'django.db.models.BigAutoField'.
app.UserDesign: (models.W042) Auto-created primary key used when not defining a primary key type, by default 'django.db.models.AutoField'.
	HINT: Configure the DEFAULT_AUTO_FIELD setting or the AppConfig.default_auto_field attribute to point to a subclass of AutoField, e.g. 'django.db.models.BigAutoField'.

System check identified 45 issues (0 silenced).
C:\Users\Christian R\OneDrive\Desktop\Capstone---Updated-14\app\urls.py changed, reloading.
Watching for file changes with StatReloader
Exception in thread django-main-thread:
Traceback (most recent call last):
  File "C:\Users\Christian R\AppData\Local\Programs\Python\Python312\Lib\threading.py", line 1075, in _bootstrap_inner
    self.run()
  File "C:\Users\Christian R\AppData\Local\Programs\Python\Python312\Lib\threading.py", line 1012, in run
    self._target(*self._args, **self._kwargs)
  File "C:\Users\Christian R\OneDrive\Desktop\Capstone---Updated-14\.venv\Lib\site-packages\django\utils\autoreload.py", line 64, in wrapper
    fn(*args, **kwargs)
  File "C:\Users\Christian R\OneDrive\Desktop\Capstone---Updated-14\.venv\Lib\site-packages\django\core\management\commands\runserver.py", line 133, in inner_run
    self.check(display_num_errors=True)
  File "C:\Users\Christian R\OneDrive\Desktop\Capstone---Updated-14\.venv\Lib\site-packages\django\core\management\base.py", line 486, in check
    all_issues = checks.run_checks(
                 ^^^^^^^^^^^^^^^^^^
  File "C:\Users\Christian R\OneDrive\Desktop\Capstone---Updated-14\.venv\Lib\site-packages\django\core\checks\registry.py", line 88, in run_checks
    new_errors = check(app_configs=app_configs, databases=databases)
                 ^^^^^^^^^^^^^^^^^^^^^^^^^^^^^^^^^^^^^^^^^^^^^^^^^^^
  File "C:\Users\Christian R\OneDrive\Desktop\Capstone---Updated-14\.venv\Lib\site-packages\django\core\checks\urls.py", line 14, in check_url_config
    return check_resolver(resolver)
           ^^^^^^^^^^^^^^^^^^^^^^^^
  File "C:\Users\Christian R\OneDrive\Desktop\Capstone---Updated-14\.venv\Lib\site-packages\django\core\checks\urls.py", line 24, in check_resolver
    return check_method()
           ^^^^^^^^^^^^^^
  File "C:\Users\Christian R\OneDrive\Desktop\Capstone---Updated-14\.venv\Lib\site-packages\django\urls\resolvers.py", line 519, in check
    for pattern in self.url_patterns:
                   ^^^^^^^^^^^^^^^^^
  File "C:\Users\Christian R\OneDrive\Desktop\Capstone---Updated-14\.venv\Lib\site-packages\django\utils\functional.py", line 47, in __get__
    res = instance.__dict__[self.name] = self.func(instance)
                                         ^^^^^^^^^^^^^^^^^^^
  File "C:\Users\Christian R\OneDrive\Desktop\Capstone---Updated-14\.venv\Lib\site-packages\django\urls\resolvers.py", line 738, in url_patterns
    patterns = getattr(self.urlconf_module, "urlpatterns", self.urlconf_module)
                       ^^^^^^^^^^^^^^^^^^^
  File "C:\Users\Christian R\OneDrive\Desktop\Capstone---Updated-14\.venv\Lib\site-packages\django\utils\functional.py", line 47, in __get__
    res = instance.__dict__[self.name] = self.func(instance)
                                         ^^^^^^^^^^^^^^^^^^^
  File "C:\Users\Christian R\OneDrive\Desktop\Capstone---Updated-14\.venv\Lib\site-packages\django\urls\resolvers.py", line 731, in urlconf_module
    return import_module(self.urlconf_name)
           ^^^^^^^^^^^^^^^^^^^^^^^^^^^^^^^^
  File "C:\Users\Christian R\AppData\Local\Programs\Python\Python312\Lib\importlib\__init__.py", line 90, in import_module
    return _bootstrap._gcd_import(name[level:], package, level)
           ^^^^^^^^^^^^^^^^^^^^^^^^^^^^^^^^^^^^^^^^^^^^^^^^^^^^
  File "<frozen importlib._bootstrap>", line 1387, in _gcd_import
  File "<frozen importlib._bootstrap>", line 1360, in _find_and_load
  File "<frozen importlib._bootstrap>", line 1331, in _find_and_load_unlocked
  File "<frozen importlib._bootstrap>", line 935, in _load_unlocked
  File "<frozen importlib._bootstrap_external>", line 995, in exec_module
  File "<frozen importlib._bootstrap>", line 488, in _call_with_frames_removed
  File "C:\Users\Christian R\OneDrive\Desktop\Capstone---Updated-14\Project\urls.py", line 8, in <module>
    path('', include('app.urls'))
             ^^^^^^^^^^^^^^^^^^^
  File "C:\Users\Christian R\OneDrive\Desktop\Capstone---Updated-14\.venv\Lib\site-packages\django\urls\conf.py", line 39, in include
    urlconf_module = import_module(urlconf_module)
                     ^^^^^^^^^^^^^^^^^^^^^^^^^^^^^
  File "C:\Users\Christian R\AppData\Local\Programs\Python\Python312\Lib\importlib\__init__.py", line 90, in import_module
    return _bootstrap._gcd_import(name[level:], package, level)
           ^^^^^^^^^^^^^^^^^^^^^^^^^^^^^^^^^^^^^^^^^^^^^^^^^^^^
  File "<frozen importlib._bootstrap>", line 1387, in _gcd_import
  File "<frozen importlib._bootstrap>", line 1360, in _find_and_load
  File "<frozen importlib._bootstrap>", line 1331, in _find_and_load_unlocked
  File "<frozen importlib._bootstrap>", line 935, in _load_unlocked
  File "<frozen importlib._bootstrap_external>", line 995, in exec_module
  File "<frozen importlib._bootstrap>", line 488, in _call_with_frames_removed
  File "C:\Users\Christian R\OneDrive\Desktop\Capstone---Updated-14\app\urls.py", line 482, in <module>
    path("api/chat/pin/", chat_pin_message, name="chat_pin_message"),
                          ^^^^^^^^^^^^^^^^
NameError: name 'chat_pin_message' is not defined. Did you mean: 'chat_edit_message'?
C:\Users\Christian R\OneDrive\Desktop\Capstone---Updated-14\app\urls.py changed, reloading.
Watching for file changes with StatReloader
System check identified some issues:

WARNINGS:
app.AboutContent: (models.W042) Auto-created primary key used when not defining a primary key type, by default 'django.db.models.AutoField'.
	HINT: Configure the DEFAULT_AUTO_FIELD setting or the AppConfig.default_auto_field attribute to point to a subclass of AutoField, e.g. 'django.db.models.BigAutoField'.
app.AboutJourneyItem: (models.W042) Auto-created primary key used when not defining a primary key type, by default 'django.db.models.AutoField'.
	HINT: Configure the DEFAULT_AUTO_FIELD setting or the AppConfig.default_auto_field attribute to point to a subclass of AutoField, e.g. 'django.db.models.BigAutoField'.
app.AboutValueItem: (models.W042) Auto-created primary key used when not defining a primary key type, by default 'django.db.models.AutoField'.
	HINT: Configure the DEFAULT_AUTO_FIELD setting or the AppConfig.default_auto_field attribute to point to a subclass of AutoField, e.g. 'django.db.models.BigAutoField'.
app.AddOn: (models.W042) Auto-created primary key used when not defining a primary key type, by default 'django.db.models.AutoField'.
	HINT: Configure the DEFAULT_AUTO_FIELD setting or the AppConfig.default_auto_field attribute to point to a subclass of AutoField, e.g. 'django.db.models.BigAutoField'.
app.AdditionalOnly: (models.W042) Auto-created primary key used when not defining a primary key type, by default 'django.db.models.AutoField'.
	HINT: Configure the DEFAULT_AUTO_FIELD setting or the AppConfig.default_auto_field attribute to point to a subclass of AutoField, e.g. 'django.db.models.BigAutoField'.
app.AdminNotification: (models.W042) Auto-created primary key used when not defining a primary key type, by default 'django.db.models.AutoField'.
	HINT: Configure the DEFAULT_AUTO_FIELD setting or the AppConfig.default_auto_field attribute to point to a subclass of AutoField, e.g. 'django.db.models.BigAutoField'.
app.AuditLog: (models.W042) Auto-created primary key used when not defining a primary key type, by default 'django.db.models.AutoField'.
	HINT: Configure the DEFAULT_AUTO_FIELD setting or the AppConfig.default_auto_field attribute to point to a subclass of AutoField, e.g. 'django.db.models.BigAutoField'.
app.BlockedDate: (models.W042) Auto-created primary key used when not defining a primary key type, by default 'django.db.models.AutoField'.
	HINT: Configure the DEFAULT_AUTO_FIELD setting or the AppConfig.default_auto_field attribute to point to a subclass of AutoField, e.g. 'django.db.models.BigAutoField'.
app.Booking: (models.W042) Auto-created primary key used when not defining a primary key type, by default 'django.db.models.AutoField'.
	HINT: Configure the DEFAULT_AUTO_FIELD setting or the AppConfig.default_auto_field attribute to point to a subclass of AutoField, e.g. 'django.db.models.BigAutoField'.
app.BookingImage: (models.W042) Auto-created primary key used when not defining a primary key type, by default 'django.db.models.AutoField'.
	HINT: Configure the DEFAULT_AUTO_FIELD setting or the AppConfig.default_auto_field attribute to point to a subclass of AutoField, e.g. 'django.db.models.BigAutoField'.
app.BookingStatusLog: (models.W042) Auto-created primary key used when not defining a primary key type, by default 'django.db.models.AutoField'.
	HINT: Configure the DEFAULT_AUTO_FIELD setting or the AppConfig.default_auto_field attribute to point to a subclass of AutoField, e.g. 'django.db.models.BigAutoField'.
app.CanvasAsset: (models.W042) Auto-created primary key used when not defining a primary key type, by default 'django.db.models.AutoField'.
	HINT: Configure the DEFAULT_AUTO_FIELD setting or the AppConfig.default_auto_field attribute to point to a subclass of AutoField, e.g. 'django.db.models.BigAutoField'.
app.CanvasCategory: (models.W042) Auto-created primary key used when not defining a primary key type, by default 'django.db.models.AutoField'.
	HINT: Configure the DEFAULT_AUTO_FIELD setting or the AppConfig.default_auto_field attribute to point to a subclass of AutoField, e.g. 'django.db.models.BigAutoField'.
app.CanvasLabel: (models.W042) Auto-created primary key used when not defining a primary key type, by default 'django.db.models.AutoField'.
	HINT: Configure the DEFAULT_AUTO_FIELD setting or the AppConfig.default_auto_field attribute to point to a subclass of AutoField, e.g. 'django.db.models.BigAutoField'.
app.ChatMessage: (models.W042) Auto-created primary key used when not defining a primary key type, by default 'django.db.models.AutoField'.
	HINT: Configure the DEFAULT_AUTO_FIELD setting or the AppConfig.default_auto_field attribute to point to a subclass of AutoField, e.g. 'django.db.models.BigAutoField'.
app.ChatModerationEvent: (models.W042) Auto-created primary key used when not defining a primary key type, by default 'django.db.models.AutoField'.
	HINT: Configure the DEFAULT_AUTO_FIELD setting or the AppConfig.default_auto_field attribute to point to a subclass of AutoField, e.g. 'django.db.models.BigAutoField'.
app.ChatModerationState: (models.W042) Auto-created primary key used when not defining a primary key type, by default 'django.db.models.AutoField'.
	HINT: Configure the DEFAULT_AUTO_FIELD setting or the AppConfig.default_auto_field attribute to point to a subclass of AutoField, e.g. 'django.db.models.BigAutoField'.
app.ChatNotification: (models.W042) Auto-created primary key used when not defining a primary key type, by default 'django.db.models.AutoField'.
	HINT: Configure the DEFAULT_AUTO_FIELD setting or the AppConfig.default_auto_field attribute to point to a subclass of AutoField, e.g. 'django.db.models.BigAutoField'.
app.ChatSession: (models.W042) Auto-created primary key used when not defining a primary key type, by default 'django.db.models.AutoField'.
	HINT: Configure the DEFAULT_AUTO_FIELD setting or the AppConfig.default_auto_field attribute to point to a subclass of AutoField, e.g. 'django.db.models.BigAutoField'.
app.ConcernImage: (models.W042) Auto-created primary key used when not defining a primary key type, by default 'django.db.models.AutoField'.
	HINT: Configure the DEFAULT_AUTO_FIELD setting or the AppConfig.default_auto_field attribute to point to a subclass of AutoField, e.g. 'django.db.models.BigAutoField'.
app.ConcernTicket: (models.W042) Auto-created primary key used when not defining a primary key type, by default 'django.db.models.AutoField'.
	HINT: Configure the DEFAULT_AUTO_FIELD setting or the AppConfig.default_auto_field attribute to point to a subclass of AutoField, e.g. 'django.db.models.BigAutoField'.
app.Design: (models.W042) Auto-created primary key used when not defining a primary key type, by default 'django.db.models.AutoField'.
	HINT: Configure the DEFAULT_AUTO_FIELD setting or the AppConfig.default_auto_field attribute to point to a subclass of AutoField, e.g. 'django.db.models.BigAutoField'.
app.GCashConfig: (models.W042) Auto-created primary key used when not defining a primary key type, by default 'django.db.models.AutoField'.
	HINT: Configure the DEFAULT_AUTO_FIELD setting or the AppConfig.default_auto_field attribute to point to a subclass of AutoField, e.g. 'django.db.models.BigAutoField'.
app.GalleryCategory: (models.W042) Auto-created primary key used when not defining a primary key type, by default 'django.db.models.AutoField'.
	HINT: Configure the DEFAULT_AUTO_FIELD setting or the AppConfig.default_auto_field attribute to point to a subclass of AutoField, e.g. 'django.db.models.BigAutoField'.
app.GalleryImage: (models.W042) Auto-created primary key used when not defining a primary key type, by default 'django.db.models.AutoField'.
	HINT: Configure the DEFAULT_AUTO_FIELD setting or the AppConfig.default_auto_field attribute to point to a subclass of AutoField, e.g. 'django.db.models.BigAutoField'.
app.GuidelineItem: (models.W042) Auto-created primary key used when not defining a primary key type, by default 'django.db.models.AutoField'.
	HINT: Configure the DEFAULT_AUTO_FIELD setting or the AppConfig.default_auto_field attribute to point to a subclass of AutoField, e.g. 'django.db.models.BigAutoField'.
app.GuidelinePageContent: (models.W042) Auto-created primary key used when not defining a primary key type, by default 'django.db.models.AutoField'.
	HINT: Configure the DEFAULT_AUTO_FIELD setting or the AppConfig.default_auto_field attribute to point to a subclass of AutoField, e.g. 'django.db.models.BigAutoField'.
app.HomeContent: (models.W042) Auto-created primary key used when not defining a primary key type, by default 'django.db.models.AutoField'.
	HINT: Configure the DEFAULT_AUTO_FIELD setting or the AppConfig.default_auto_field attribute to point to a subclass of AutoField, e.g. 'django.db.models.BigAutoField'.
app.HomeFaqItem: (models.W042) Auto-created primary key used when not defining a primary key type, by default 'django.db.models.AutoField'.
	HINT: Configure the DEFAULT_AUTO_FIELD setting or the AppConfig.default_auto_field attribute to point to a subclass of AutoField, e.g. 'django.db.models.BigAutoField'.
app.HomeFeatureItem: (models.W042) Auto-created primary key used when not defining a primary key type, by default 'django.db.models.AutoField'.
	HINT: Configure the DEFAULT_AUTO_FIELD setting or the AppConfig.default_auto_field attribute to point to a subclass of AutoField, e.g. 'django.db.models.BigAutoField'.
app.HomeHowItWorksStep: (models.W042) Auto-created primary key used when not defining a primary key type, by default 'django.db.models.AutoField'.
	HINT: Configure the DEFAULT_AUTO_FIELD setting or the AppConfig.default_auto_field attribute to point to a subclass of AutoField, e.g. 'django.db.models.BigAutoField'.
app.MessageReaction: (models.W042) Auto-created primary key used when not defining a primary key type, by default 'django.db.models.AutoField'.
	HINT: Configure the DEFAULT_AUTO_FIELD setting or the AppConfig.default_auto_field attribute to point to a subclass of AutoField, e.g. 'django.db.models.BigAutoField'.
app.Notification: (models.W042) Auto-created primary key used when not defining a primary key type, by default 'django.db.models.AutoField'.
	HINT: Configure the DEFAULT_AUTO_FIELD setting or the AppConfig.default_auto_field attribute to point to a subclass of AutoField, e.g. 'django.db.models.BigAutoField'.
app.Package: (models.W042) Auto-created primary key used when not defining a primary key type, by default 'django.db.models.AutoField'.
	HINT: Configure the DEFAULT_AUTO_FIELD setting or the AppConfig.default_auto_field attribute to point to a subclass of AutoField, e.g. 'django.db.models.BigAutoField'.
app.Payment: (models.W042) Auto-created primary key used when not defining a primary key type, by default 'django.db.models.AutoField'.
	HINT: Configure the DEFAULT_AUTO_FIELD setting or the AppConfig.default_auto_field attribute to point to a subclass of AutoField, e.g. 'django.db.models.BigAutoField'.
app.QuickReply: (models.W042) Auto-created primary key used when not defining a primary key type, by default 'django.db.models.AutoField'.
	HINT: Configure the DEFAULT_AUTO_FIELD setting or the AppConfig.default_auto_field attribute to point to a subclass of AutoField, e.g. 'django.db.models.BigAutoField'.
app.Review: (models.W042) Auto-created primary key used when not defining a primary key type, by default 'django.db.models.AutoField'.
	HINT: Configure the DEFAULT_AUTO_FIELD setting or the AppConfig.default_auto_field attribute to point to a subclass of AutoField, e.g. 'django.db.models.BigAutoField'.
app.ReviewImage: (models.W042) Auto-created primary key used when not defining a primary key type, by default 'django.db.models.AutoField'.
	HINT: Configure the DEFAULT_AUTO_FIELD setting or the AppConfig.default_auto_field attribute to point to a subclass of AutoField, e.g. 'django.db.models.BigAutoField'.
app.ReviewReply: (models.W042) Auto-created primary key used when not defining a primary key type, by default 'django.db.models.AutoField'.
	HINT: Configure the DEFAULT_AUTO_FIELD setting or the AppConfig.default_auto_field attribute to point to a subclass of AutoField, e.g. 'django.db.models.BigAutoField'.
app.Service: (models.W042) Auto-created primary key used when not defining a primary key type, by default 'django.db.models.AutoField'.
	HINT: Configure the DEFAULT_AUTO_FIELD setting or the AppConfig.default_auto_field attribute to point to a subclass of AutoField, e.g. 'django.db.models.BigAutoField'.
app.ServiceChargeConfig: (models.W042) Auto-created primary key used when not defining a primary key type, by default 'django.db.models.AutoField'.
	HINT: Configure the DEFAULT_AUTO_FIELD setting or the AppConfig.default_auto_field attribute to point to a subclass of AutoField, e.g. 'django.db.models.BigAutoField'.
app.ServiceContent: (models.W042) Auto-created primary key used when not defining a primary key type, by default 'django.db.models.AutoField'.
	HINT: Configure the DEFAULT_AUTO_FIELD setting or the AppConfig.default_auto_field attribute to point to a subclass of AutoField, e.g. 'django.db.models.BigAutoField'.
app.SiteSettings: (models.W042) Auto-created primary key used when not defining a primary key type, by default 'django.db.models.AutoField'.
	HINT: Configure the DEFAULT_AUTO_FIELD setting or the AppConfig.default_auto_field attribute to point to a subclass of AutoField, e.g. 'django.db.models.BigAutoField'.
app.User: (models.W042) Auto-created primary key used when not defining a primary key type, by default 'django.db.models.AutoField'.
	HINT: Configure the DEFAULT_AUTO_FIELD setting or the AppConfig.default_auto_field attribute to point to a subclass of AutoField, e.g. 'django.db.models.BigAutoField'.
app.UserDesign: (models.W042) Auto-created primary key used when not defining a primary key type, by default 'django.db.models.AutoField'.
	HINT: Configure the DEFAULT_AUTO_FIELD setting or the AppConfig.default_auto_field attribute to point to a subclass of AutoField, e.g. 'django.db.models.BigAutoField'.

System check identified 45 issues (0 silenced).
C:\Users\Christian R\OneDrive\Desktop\Capstone---Updated-14\app\views.py changed, reloading.
Watching for file changes with StatReloader
System check identified some issues:

WARNINGS:
app.AboutContent: (models.W042) Auto-created primary key used when not defining a primary key type, by default 'django.db.models.AutoField'.
	HINT: Configure the DEFAULT_AUTO_FIELD setting or the AppConfig.default_auto_field attribute to point to a subclass of AutoField, e.g. 'django.db.models.BigAutoField'.
app.AboutJourneyItem: (models.W042) Auto-created primary key used when not defining a primary key type, by default 'django.db.models.AutoField'.
	HINT: Configure the DEFAULT_AUTO_FIELD setting or the AppConfig.default_auto_field attribute to point to a subclass of AutoField, e.g. 'django.db.models.BigAutoField'.
app.AboutValueItem: (models.W042) Auto-created primary key used when not defining a primary key type, by default 'django.db.models.AutoField'.
	HINT: Configure the DEFAULT_AUTO_FIELD setting or the AppConfig.default_auto_field attribute to point to a subclass of AutoField, e.g. 'django.db.models.BigAutoField'.
app.AddOn: (models.W042) Auto-created primary key used when not defining a primary key type, by default 'django.db.models.AutoField'.
	HINT: Configure the DEFAULT_AUTO_FIELD setting or the AppConfig.default_auto_field attribute to point to a subclass of AutoField, e.g. 'django.db.models.BigAutoField'.
app.AdditionalOnly: (models.W042) Auto-created primary key used when not defining a primary key type, by default 'django.db.models.AutoField'.
	HINT: Configure the DEFAULT_AUTO_FIELD setting or the AppConfig.default_auto_field attribute to point to a subclass of AutoField, e.g. 'django.db.models.BigAutoField'.
app.AdminNotification: (models.W042) Auto-created primary key used when not defining a primary key type, by default 'django.db.models.AutoField'.
	HINT: Configure the DEFAULT_AUTO_FIELD setting or the AppConfig.default_auto_field attribute to point to a subclass of AutoField, e.g. 'django.db.models.BigAutoField'.
app.AuditLog: (models.W042) Auto-created primary key used when not defining a primary key type, by default 'django.db.models.AutoField'.
	HINT: Configure the DEFAULT_AUTO_FIELD setting or the AppConfig.default_auto_field attribute to point to a subclass of AutoField, e.g. 'django.db.models.BigAutoField'.
app.BlockedDate: (models.W042) Auto-created primary key used when not defining a primary key type, by default 'django.db.models.AutoField'.
	HINT: Configure the DEFAULT_AUTO_FIELD setting or the AppConfig.default_auto_field attribute to point to a subclass of AutoField, e.g. 'django.db.models.BigAutoField'.
app.Booking: (models.W042) Auto-created primary key used when not defining a primary key type, by default 'django.db.models.AutoField'.
	HINT: Configure the DEFAULT_AUTO_FIELD setting or the AppConfig.default_auto_field attribute to point to a subclass of AutoField, e.g. 'django.db.models.BigAutoField'.
app.BookingImage: (models.W042) Auto-created primary key used when not defining a primary key type, by default 'django.db.models.AutoField'.
	HINT: Configure the DEFAULT_AUTO_FIELD setting or the AppConfig.default_auto_field attribute to point to a subclass of AutoField, e.g. 'django.db.models.BigAutoField'.
app.BookingStatusLog: (models.W042) Auto-created primary key used when not defining a primary key type, by default 'django.db.models.AutoField'.
	HINT: Configure the DEFAULT_AUTO_FIELD setting or the AppConfig.default_auto_field attribute to point to a subclass of AutoField, e.g. 'django.db.models.BigAutoField'.
app.CanvasAsset: (models.W042) Auto-created primary key used when not defining a primary key type, by default 'django.db.models.AutoField'.
	HINT: Configure the DEFAULT_AUTO_FIELD setting or the AppConfig.default_auto_field attribute to point to a subclass of AutoField, e.g. 'django.db.models.BigAutoField'.
app.CanvasCategory: (models.W042) Auto-created primary key used when not defining a primary key type, by default 'django.db.models.AutoField'.
	HINT: Configure the DEFAULT_AUTO_FIELD setting or the AppConfig.default_auto_field attribute to point to a subclass of AutoField, e.g. 'django.db.models.BigAutoField'.
app.CanvasLabel: (models.W042) Auto-created primary key used when not defining a primary key type, by default 'django.db.models.AutoField'.
	HINT: Configure the DEFAULT_AUTO_FIELD setting or the AppConfig.default_auto_field attribute to point to a subclass of AutoField, e.g. 'django.db.models.BigAutoField'.
app.ChatMessage: (models.W042) Auto-created primary key used when not defining a primary key type, by default 'django.db.models.AutoField'.
	HINT: Configure the DEFAULT_AUTO_FIELD setting or the AppConfig.default_auto_field attribute to point to a subclass of AutoField, e.g. 'django.db.models.BigAutoField'.
app.ChatModerationEvent: (models.W042) Auto-created primary key used when not defining a primary key type, by default 'django.db.models.AutoField'.
	HINT: Configure the DEFAULT_AUTO_FIELD setting or the AppConfig.default_auto_field attribute to point to a subclass of AutoField, e.g. 'django.db.models.BigAutoField'.
app.ChatModerationState: (models.W042) Auto-created primary key used when not defining a primary key type, by default 'django.db.models.AutoField'.
	HINT: Configure the DEFAULT_AUTO_FIELD setting or the AppConfig.default_auto_field attribute to point to a subclass of AutoField, e.g. 'django.db.models.BigAutoField'.
app.ChatNotification: (models.W042) Auto-created primary key used when not defining a primary key type, by default 'django.db.models.AutoField'.
	HINT: Configure the DEFAULT_AUTO_FIELD setting or the AppConfig.default_auto_field attribute to point to a subclass of AutoField, e.g. 'django.db.models.BigAutoField'.
app.ChatSession: (models.W042) Auto-created primary key used when not defining a primary key type, by default 'django.db.models.AutoField'.
	HINT: Configure the DEFAULT_AUTO_FIELD setting or the AppConfig.default_auto_field attribute to point to a subclass of AutoField, e.g. 'django.db.models.BigAutoField'.
app.ConcernImage: (models.W042) Auto-created primary key used when not defining a primary key type, by default 'django.db.models.AutoField'.
	HINT: Configure the DEFAULT_AUTO_FIELD setting or the AppConfig.default_auto_field attribute to point to a subclass of AutoField, e.g. 'django.db.models.BigAutoField'.
app.ConcernTicket: (models.W042) Auto-created primary key used when not defining a primary key type, by default 'django.db.models.AutoField'.
	HINT: Configure the DEFAULT_AUTO_FIELD setting or the AppConfig.default_auto_field attribute to point to a subclass of AutoField, e.g. 'django.db.models.BigAutoField'.
app.Design: (models.W042) Auto-created primary key used when not defining a primary key type, by default 'django.db.models.AutoField'.
	HINT: Configure the DEFAULT_AUTO_FIELD setting or the AppConfig.default_auto_field attribute to point to a subclass of AutoField, e.g. 'django.db.models.BigAutoField'.
app.GCashConfig: (models.W042) Auto-created primary key used when not defining a primary key type, by default 'django.db.models.AutoField'.
	HINT: Configure the DEFAULT_AUTO_FIELD setting or the AppConfig.default_auto_field attribute to point to a subclass of AutoField, e.g. 'django.db.models.BigAutoField'.
app.GalleryCategory: (models.W042) Auto-created primary key used when not defining a primary key type, by default 'django.db.models.AutoField'.
	HINT: Configure the DEFAULT_AUTO_FIELD setting or the AppConfig.default_auto_field attribute to point to a subclass of AutoField, e.g. 'django.db.models.BigAutoField'.
app.GalleryImage: (models.W042) Auto-created primary key used when not defining a primary key type, by default 'django.db.models.AutoField'.
	HINT: Configure the DEFAULT_AUTO_FIELD setting or the AppConfig.default_auto_field attribute to point to a subclass of AutoField, e.g. 'django.db.models.BigAutoField'.
app.GuidelineItem: (models.W042) Auto-created primary key used when not defining a primary key type, by default 'django.db.models.AutoField'.
	HINT: Configure the DEFAULT_AUTO_FIELD setting or the AppConfig.default_auto_field attribute to point to a subclass of AutoField, e.g. 'django.db.models.BigAutoField'.
app.GuidelinePageContent: (models.W042) Auto-created primary key used when not defining a primary key type, by default 'django.db.models.AutoField'.
	HINT: Configure the DEFAULT_AUTO_FIELD setting or the AppConfig.default_auto_field attribute to point to a subclass of AutoField, e.g. 'django.db.models.BigAutoField'.
app.HomeContent: (models.W042) Auto-created primary key used when not defining a primary key type, by default 'django.db.models.AutoField'.
	HINT: Configure the DEFAULT_AUTO_FIELD setting or the AppConfig.default_auto_field attribute to point to a subclass of AutoField, e.g. 'django.db.models.BigAutoField'.
app.HomeFaqItem: (models.W042) Auto-created primary key used when not defining a primary key type, by default 'django.db.models.AutoField'.
	HINT: Configure the DEFAULT_AUTO_FIELD setting or the AppConfig.default_auto_field attribute to point to a subclass of AutoField, e.g. 'django.db.models.BigAutoField'.
app.HomeFeatureItem: (models.W042) Auto-created primary key used when not defining a primary key type, by default 'django.db.models.AutoField'.
	HINT: Configure the DEFAULT_AUTO_FIELD setting or the AppConfig.default_auto_field attribute to point to a subclass of AutoField, e.g. 'django.db.models.BigAutoField'.
app.HomeHowItWorksStep: (models.W042) Auto-created primary key used when not defining a primary key type, by default 'django.db.models.AutoField'.
	HINT: Configure the DEFAULT_AUTO_FIELD setting or the AppConfig.default_auto_field attribute to point to a subclass of AutoField, e.g. 'django.db.models.BigAutoField'.
app.MessageReaction: (models.W042) Auto-created primary key used when not defining a primary key type, by default 'django.db.models.AutoField'.
	HINT: Configure the DEFAULT_AUTO_FIELD setting or the AppConfig.default_auto_field attribute to point to a subclass of AutoField, e.g. 'django.db.models.BigAutoField'.
app.Notification: (models.W042) Auto-created primary key used when not defining a primary key type, by default 'django.db.models.AutoField'.
	HINT: Configure the DEFAULT_AUTO_FIELD setting or the AppConfig.default_auto_field attribute to point to a subclass of AutoField, e.g. 'django.db.models.BigAutoField'.
app.Package: (models.W042) Auto-created primary key used when not defining a primary key type, by default 'django.db.models.AutoField'.
	HINT: Configure the DEFAULT_AUTO_FIELD setting or the AppConfig.default_auto_field attribute to point to a subclass of AutoField, e.g. 'django.db.models.BigAutoField'.
app.Payment: (models.W042) Auto-created primary key used when not defining a primary key type, by default 'django.db.models.AutoField'.
	HINT: Configure the DEFAULT_AUTO_FIELD setting or the AppConfig.default_auto_field attribute to point to a subclass of AutoField, e.g. 'django.db.models.BigAutoField'.
app.QuickReply: (models.W042) Auto-created primary key used when not defining a primary key type, by default 'django.db.models.AutoField'.
	HINT: Configure the DEFAULT_AUTO_FIELD setting or the AppConfig.default_auto_field attribute to point to a subclass of AutoField, e.g. 'django.db.models.BigAutoField'.
app.Review: (models.W042) Auto-created primary key used when not defining a primary key type, by default 'django.db.models.AutoField'.
	HINT: Configure the DEFAULT_AUTO_FIELD setting or the AppConfig.default_auto_field attribute to point to a subclass of AutoField, e.g. 'django.db.models.BigAutoField'.
app.ReviewImage: (models.W042) Auto-created primary key used when not defining a primary key type, by default 'django.db.models.AutoField'.
	HINT: Configure the DEFAULT_AUTO_FIELD setting or the AppConfig.default_auto_field attribute to point to a subclass of AutoField, e.g. 'django.db.models.BigAutoField'.
app.ReviewReply: (models.W042) Auto-created primary key used when not defining a primary key type, by default 'django.db.models.AutoField'.
	HINT: Configure the DEFAULT_AUTO_FIELD setting or the AppConfig.default_auto_field attribute to point to a subclass of AutoField, e.g. 'django.db.models.BigAutoField'.
app.Service: (models.W042) Auto-created primary key used when not defining a primary key type, by default 'django.db.models.AutoField'.
	HINT: Configure the DEFAULT_AUTO_FIELD setting or the AppConfig.default_auto_field attribute to point to a subclass of AutoField, e.g. 'django.db.models.BigAutoField'.
app.ServiceChargeConfig: (models.W042) Auto-created primary key used when not defining a primary key type, by default 'django.db.models.AutoField'.
	HINT: Configure the DEFAULT_AUTO_FIELD setting or the AppConfig.default_auto_field attribute to point to a subclass of AutoField, e.g. 'django.db.models.BigAutoField'.
app.ServiceContent: (models.W042) Auto-created primary key used when not defining a primary key type, by default 'django.db.models.AutoField'.
	HINT: Configure the DEFAULT_AUTO_FIELD setting or the AppConfig.default_auto_field attribute to point to a subclass of AutoField, e.g. 'django.db.models.BigAutoField'.
app.SiteSettings: (models.W042) Auto-created primary key used when not defining a primary key type, by default 'django.db.models.AutoField'.
	HINT: Configure the DEFAULT_AUTO_FIELD setting or the AppConfig.default_auto_field attribute to point to a subclass of AutoField, e.g. 'django.db.models.BigAutoField'.
app.User: (models.W042) Auto-created primary key used when not defining a primary key type, by default 'django.db.models.AutoField'.
	HINT: Configure the DEFAULT_AUTO_FIELD setting or the AppConfig.default_auto_field attribute to point to a subclass of AutoField, e.g. 'django.db.models.BigAutoField'.
app.UserDesign: (models.W042) Auto-created primary key used when not defining a primary key type, by default 'django.db.models.AutoField'.
	HINT: Configure the DEFAULT_AUTO_FIELD setting or the AppConfig.default_auto_field attribute to point to a subclass of AutoField, e.g. 'django.db.models.BigAutoField'.

System check identified 45 issues (0 silenced).
C:\Users\Christian R\OneDrive\Desktop\Capstone---Updated-14\app\views.py changed, reloading.
Watching for file changes with StatReloader
System check identified some issues:

WARNINGS:
app.AboutContent: (models.W042) Auto-created primary key used when not defining a primary key type, by default 'django.db.models.AutoField'.
	HINT: Configure the DEFAULT_AUTO_FIELD setting or the AppConfig.default_auto_field attribute to point to a subclass of AutoField, e.g. 'django.db.models.BigAutoField'.
app.AboutJourneyItem: (models.W042) Auto-created primary key used when not defining a primary key type, by default 'django.db.models.AutoField'.
	HINT: Configure the DEFAULT_AUTO_FIELD setting or the AppConfig.default_auto_field attribute to point to a subclass of AutoField, e.g. 'django.db.models.BigAutoField'.
app.AboutValueItem: (models.W042) Auto-created primary key used when not defining a primary key type, by default 'django.db.models.AutoField'.
	HINT: Configure the DEFAULT_AUTO_FIELD setting or the AppConfig.default_auto_field attribute to point to a subclass of AutoField, e.g. 'django.db.models.BigAutoField'.
app.AddOn: (models.W042) Auto-created primary key used when not defining a primary key type, by default 'django.db.models.AutoField'.
	HINT: Configure the DEFAULT_AUTO_FIELD setting or the AppConfig.default_auto_field attribute to point to a subclass of AutoField, e.g. 'django.db.models.BigAutoField'.
app.AdditionalOnly: (models.W042) Auto-created primary key used when not defining a primary key type, by default 'django.db.models.AutoField'.
	HINT: Configure the DEFAULT_AUTO_FIELD setting or the AppConfig.default_auto_field attribute to point to a subclass of AutoField, e.g. 'django.db.models.BigAutoField'.
app.AdminNotification: (models.W042) Auto-created primary key used when not defining a primary key type, by default 'django.db.models.AutoField'.
	HINT: Configure the DEFAULT_AUTO_FIELD setting or the AppConfig.default_auto_field attribute to point to a subclass of AutoField, e.g. 'django.db.models.BigAutoField'.
app.AuditLog: (models.W042) Auto-created primary key used when not defining a primary key type, by default 'django.db.models.AutoField'.
	HINT: Configure the DEFAULT_AUTO_FIELD setting or the AppConfig.default_auto_field attribute to point to a subclass of AutoField, e.g. 'django.db.models.BigAutoField'.
app.BlockedDate: (models.W042) Auto-created primary key used when not defining a primary key type, by default 'django.db.models.AutoField'.
	HINT: Configure the DEFAULT_AUTO_FIELD setting or the AppConfig.default_auto_field attribute to point to a subclass of AutoField, e.g. 'django.db.models.BigAutoField'.
app.Booking: (models.W042) Auto-created primary key used when not defining a primary key type, by default 'django.db.models.AutoField'.
	HINT: Configure the DEFAULT_AUTO_FIELD setting or the AppConfig.default_auto_field attribute to point to a subclass of AutoField, e.g. 'django.db.models.BigAutoField'.
app.BookingImage: (models.W042) Auto-created primary key used when not defining a primary key type, by default 'django.db.models.AutoField'.
	HINT: Configure the DEFAULT_AUTO_FIELD setting or the AppConfig.default_auto_field attribute to point to a subclass of AutoField, e.g. 'django.db.models.BigAutoField'.
app.BookingStatusLog: (models.W042) Auto-created primary key used when not defining a primary key type, by default 'django.db.models.AutoField'.
	HINT: Configure the DEFAULT_AUTO_FIELD setting or the AppConfig.default_auto_field attribute to point to a subclass of AutoField, e.g. 'django.db.models.BigAutoField'.
app.CanvasAsset: (models.W042) Auto-created primary key used when not defining a primary key type, by default 'django.db.models.AutoField'.
	HINT: Configure the DEFAULT_AUTO_FIELD setting or the AppConfig.default_auto_field attribute to point to a subclass of AutoField, e.g. 'django.db.models.BigAutoField'.
app.CanvasCategory: (models.W042) Auto-created primary key used when not defining a primary key type, by default 'django.db.models.AutoField'.
	HINT: Configure the DEFAULT_AUTO_FIELD setting or the AppConfig.default_auto_field attribute to point to a subclass of AutoField, e.g. 'django.db.models.BigAutoField'.
app.CanvasLabel: (models.W042) Auto-created primary key used when not defining a primary key type, by default 'django.db.models.AutoField'.
	HINT: Configure the DEFAULT_AUTO_FIELD setting or the AppConfig.default_auto_field attribute to point to a subclass of AutoField, e.g. 'django.db.models.BigAutoField'.
app.ChatMessage: (models.W042) Auto-created primary key used when not defining a primary key type, by default 'django.db.models.AutoField'.
	HINT: Configure the DEFAULT_AUTO_FIELD setting or the AppConfig.default_auto_field attribute to point to a subclass of AutoField, e.g. 'django.db.models.BigAutoField'.
app.ChatModerationEvent: (models.W042) Auto-created primary key used when not defining a primary key type, by default 'django.db.models.AutoField'.
	HINT: Configure the DEFAULT_AUTO_FIELD setting or the AppConfig.default_auto_field attribute to point to a subclass of AutoField, e.g. 'django.db.models.BigAutoField'.
app.ChatModerationState: (models.W042) Auto-created primary key used when not defining a primary key type, by default 'django.db.models.AutoField'.
	HINT: Configure the DEFAULT_AUTO_FIELD setting or the AppConfig.default_auto_field attribute to point to a subclass of AutoField, e.g. 'django.db.models.BigAutoField'.
app.ChatNotification: (models.W042) Auto-created primary key used when not defining a primary key type, by default 'django.db.models.AutoField'.
	HINT: Configure the DEFAULT_AUTO_FIELD setting or the AppConfig.default_auto_field attribute to point to a subclass of AutoField, e.g. 'django.db.models.BigAutoField'.
app.ChatSession: (models.W042) Auto-created primary key used when not defining a primary key type, by default 'django.db.models.AutoField'.
	HINT: Configure the DEFAULT_AUTO_FIELD setting or the AppConfig.default_auto_field attribute to point to a subclass of AutoField, e.g. 'django.db.models.BigAutoField'.
app.ConcernImage: (models.W042) Auto-created primary key used when not defining a primary key type, by default 'django.db.models.AutoField'.
	HINT: Configure the DEFAULT_AUTO_FIELD setting or the AppConfig.default_auto_field attribute to point to a subclass of AutoField, e.g. 'django.db.models.BigAutoField'.
app.ConcernTicket: (models.W042) Auto-created primary key used when not defining a primary key type, by default 'django.db.models.AutoField'.
	HINT: Configure the DEFAULT_AUTO_FIELD setting or the AppConfig.default_auto_field attribute to point to a subclass of AutoField, e.g. 'django.db.models.BigAutoField'.
app.Design: (models.W042) Auto-created primary key used when not defining a primary key type, by default 'django.db.models.AutoField'.
	HINT: Configure the DEFAULT_AUTO_FIELD setting or the AppConfig.default_auto_field attribute to point to a subclass of AutoField, e.g. 'django.db.models.BigAutoField'.
app.GCashConfig: (models.W042) Auto-created primary key used when not defining a primary key type, by default 'django.db.models.AutoField'.
	HINT: Configure the DEFAULT_AUTO_FIELD setting or the AppConfig.default_auto_field attribute to point to a subclass of AutoField, e.g. 'django.db.models.BigAutoField'.
app.GalleryCategory: (models.W042) Auto-created primary key used when not defining a primary key type, by default 'django.db.models.AutoField'.
	HINT: Configure the DEFAULT_AUTO_FIELD setting or the AppConfig.default_auto_field attribute to point to a subclass of AutoField, e.g. 'django.db.models.BigAutoField'.
app.GalleryImage: (models.W042) Auto-created primary key used when not defining a primary key type, by default 'django.db.models.AutoField'.
	HINT: Configure the DEFAULT_AUTO_FIELD setting or the AppConfig.default_auto_field attribute to point to a subclass of AutoField, e.g. 'django.db.models.BigAutoField'.
app.GuidelineItem: (models.W042) Auto-created primary key used when not defining a primary key type, by default 'django.db.models.AutoField'.
	HINT: Configure the DEFAULT_AUTO_FIELD setting or the AppConfig.default_auto_field attribute to point to a subclass of AutoField, e.g. 'django.db.models.BigAutoField'.
app.GuidelinePageContent: (models.W042) Auto-created primary key used when not defining a primary key type, by default 'django.db.models.AutoField'.
	HINT: Configure the DEFAULT_AUTO_FIELD setting or the AppConfig.default_auto_field attribute to point to a subclass of AutoField, e.g. 'django.db.models.BigAutoField'.
app.HomeContent: (models.W042) Auto-created primary key used when not defining a primary key type, by default 'django.db.models.AutoField'.
	HINT: Configure the DEFAULT_AUTO_FIELD setting or the AppConfig.default_auto_field attribute to point to a subclass of AutoField, e.g. 'django.db.models.BigAutoField'.
app.HomeFaqItem: (models.W042) Auto-created primary key used when not defining a primary key type, by default 'django.db.models.AutoField'.
	HINT: Configure the DEFAULT_AUTO_FIELD setting or the AppConfig.default_auto_field attribute to point to a subclass of AutoField, e.g. 'django.db.models.BigAutoField'.
app.HomeFeatureItem: (models.W042) Auto-created primary key used when not defining a primary key type, by default 'django.db.models.AutoField'.
	HINT: Configure the DEFAULT_AUTO_FIELD setting or the AppConfig.default_auto_field attribute to point to a subclass of AutoField, e.g. 'django.db.models.BigAutoField'.
app.HomeHowItWorksStep: (models.W042) Auto-created primary key used when not defining a primary key type, by default 'django.db.models.AutoField'.
	HINT: Configure the DEFAULT_AUTO_FIELD setting or the AppConfig.default_auto_field attribute to point to a subclass of AutoField, e.g. 'django.db.models.BigAutoField'.
app.MessageReaction: (models.W042) Auto-created primary key used when not defining a primary key type, by default 'django.db.models.AutoField'.
	HINT: Configure the DEFAULT_AUTO_FIELD setting or the AppConfig.default_auto_field attribute to point to a subclass of AutoField, e.g. 'django.db.models.BigAutoField'.
app.Notification: (models.W042) Auto-created primary key used when not defining a primary key type, by default 'django.db.models.AutoField'.
	HINT: Configure the DEFAULT_AUTO_FIELD setting or the AppConfig.default_auto_field attribute to point to a subclass of AutoField, e.g. 'django.db.models.BigAutoField'.
app.Package: (models.W042) Auto-created primary key used when not defining a primary key type, by default 'django.db.models.AutoField'.
	HINT: Configure the DEFAULT_AUTO_FIELD setting or the AppConfig.default_auto_field attribute to point to a subclass of AutoField, e.g. 'django.db.models.BigAutoField'.
app.Payment: (models.W042) Auto-created primary key used when not defining a primary key type, by default 'django.db.models.AutoField'.
	HINT: Configure the DEFAULT_AUTO_FIELD setting or the AppConfig.default_auto_field attribute to point to a subclass of AutoField, e.g. 'django.db.models.BigAutoField'.
app.QuickReply: (models.W042) Auto-created primary key used when not defining a primary key type, by default 'django.db.models.AutoField'.
	HINT: Configure the DEFAULT_AUTO_FIELD setting or the AppConfig.default_auto_field attribute to point to a subclass of AutoField, e.g. 'django.db.models.BigAutoField'.
app.Review: (models.W042) Auto-created primary key used when not defining a primary key type, by default 'django.db.models.AutoField'.
	HINT: Configure the DEFAULT_AUTO_FIELD setting or the AppConfig.default_auto_field attribute to point to a subclass of AutoField, e.g. 'django.db.models.BigAutoField'.
app.ReviewImage: (models.W042) Auto-created primary key used when not defining a primary key type, by default 'django.db.models.AutoField'.
	HINT: Configure the DEFAULT_AUTO_FIELD setting or the AppConfig.default_auto_field attribute to point to a subclass of AutoField, e.g. 'django.db.models.BigAutoField'.
app.ReviewReply: (models.W042) Auto-created primary key used when not defining a primary key type, by default 'django.db.models.AutoField'.
	HINT: Configure the DEFAULT_AUTO_FIELD setting or the AppConfig.default_auto_field attribute to point to a subclass of AutoField, e.g. 'django.db.models.BigAutoField'.
app.Service: (models.W042) Auto-created primary key used when not defining a primary key type, by default 'django.db.models.AutoField'.
	HINT: Configure the DEFAULT_AUTO_FIELD setting or the AppConfig.default_auto_field attribute to point to a subclass of AutoField, e.g. 'django.db.models.BigAutoField'.
app.ServiceChargeConfig: (models.W042) Auto-created primary key used when not defining a primary key type, by default 'django.db.models.AutoField'.
	HINT: Configure the DEFAULT_AUTO_FIELD setting or the AppConfig.default_auto_field attribute to point to a subclass of AutoField, e.g. 'django.db.models.BigAutoField'.
app.ServiceContent: (models.W042) Auto-created primary key used when not defining a primary key type, by default 'django.db.models.AutoField'.
	HINT: Configure the DEFAULT_AUTO_FIELD setting or the AppConfig.default_auto_field attribute to point to a subclass of AutoField, e.g. 'django.db.models.BigAutoField'.
app.SiteSettings: (models.W042) Auto-created primary key used when not defining a primary key type, by default 'django.db.models.AutoField'.
	HINT: Configure the DEFAULT_AUTO_FIELD setting or the AppConfig.default_auto_field attribute to point to a subclass of AutoField, e.g. 'django.db.models.BigAutoField'.
app.User: (models.W042) Auto-created primary key used when not defining a primary key type, by default 'django.db.models.AutoField'.
	HINT: Configure the DEFAULT_AUTO_FIELD setting or the AppConfig.default_auto_field attribute to point to a subclass of AutoField, e.g. 'django.db.models.BigAutoField'.
app.UserDesign: (models.W042) Auto-created primary key used when not defining a primary key type, by default 'django.db.models.AutoField'.
	HINT: Configure the DEFAULT_AUTO_FIELD setting or the AppConfig.default_auto_field attribute to point to a subclass of AutoField, e.g. 'django.db.models.BigAutoField'.

System check identified 45 issues (0 silenced).
[18/Sep/2026 21:32:04] "GET /staff/chat/poll/?session_id=16&after_id=0 HTTP/1.1" 200 37079
[18/Sep/2026 21:32:04] "GET /api/chat/history/?session_id=16 HTTP/1.1" 200 23314
[18/Sep/2026 21:32:04] "POST /api/chat/mark-read/ HTTP/1.1" 200 17
[18/Sep/2026 21:33:04] "GET /staff/chat/poll/?session_id=16&after_id=0 HTTP/1.1" 200 37079
[18/Sep/2026 21:33:04] "GET /api/chat/history/?session_id=16 HTTP/1.1" 200 23314
[18/Sep/2026 21:33:04] "POST /api/chat/mark-read/ HTTP/1.1" 200 17
[18/Sep/2026 21:34:04] "GET /staff/chat/poll/?session_id=16&after_id=0 HTTP/1.1" 200 37079
[18/Sep/2026 21:34:04] "GET /api/chat/history/?session_id=16 HTTP/1.1" 200 23314
[18/Sep/2026 21:34:04] "POST /api/chat/mark-read/ HTTP/1.1" 200 17
[18/Sep/2026 21:34:27] "GET /api/chat/history/?session_id=16 HTTP/1.1" 200 23314
[18/Sep/2026 21:34:27] "POST /api/chat/mark-read/ HTTP/1.1" 200 17
[18/Sep/2026 21:34:29] "GET /api/chat/sessions/?mode=admin HTTP/1.1" 200 244
[18/Sep/2026 21:34:36] "GET /api/chat/sessions/?mode=admin HTTP/1.1" 200 244
[18/Sep/2026 21:34:43] "GET /api/chat/sessions/?mode=admin HTTP/1.1" 200 244
[18/Sep/2026 21:34:50] "GET /api/chat/sessions/?mode=admin HTTP/1.1" 200 244
[18/Sep/2026 21:34:57] "GET /api/chat/sessions/?mode=admin HTTP/1.1" 200 244
[18/Sep/2026 21:35:04] "GET /staff/chat/poll/?session_id=16&after_id=0 HTTP/1.1" 200 37079
[18/Sep/2026 21:35:05] "GET /api/chat/sessions/?mode=admin HTTP/1.1" 200 244
[18/Sep/2026 21:35:11] "GET /api/chat/sessions/?mode=admin HTTP/1.1" 200 244
[18/Sep/2026 21:35:18] "GET /api/chat/sessions/?mode=admin HTTP/1.1" 200 244
[18/Sep/2026 21:35:25] "GET /api/chat/sessions/?mode=admin HTTP/1.1" 200 244
[18/Sep/2026 21:36:01] "GET /api/chat/sessions/?mode=admin HTTP/1.1" 200 244
[18/Sep/2026 21:36:03] "GET /staff/chat/poll/?session_id=16&after_id=0 HTTP/1.1" 200 37080
[18/Sep/2026 21:36:07] "GET /api/chat/sessions/?mode=admin HTTP/1.1" 200 244
[18/Sep/2026 21:36:14] "GET /api/chat/sessions/?mode=admin HTTP/1.1" 200 244
[18/Sep/2026 21:36:21] "GET /api/chat/sessions/?mode=admin HTTP/1.1" 200 244
[18/Sep/2026 21:36:28] "GET /api/chat/sessions/?mode=admin HTTP/1.1" 200 244
[18/Sep/2026 21:36:35] "GET /api/chat/sessions/?mode=admin HTTP/1.1" 200 244
[18/Sep/2026 21:36:43] "GET /api/chat/sessions/?mode=admin HTTP/1.1" 200 244
[18/Sep/2026 21:36:49] "GET /api/chat/sessions/?mode=admin HTTP/1.1" 200 244
[18/Sep/2026 21:36:56] "GET /api/chat/sessions/?mode=admin HTTP/1.1" 200 244
[18/Sep/2026 21:37:03] "GET /api/chat/sessions/?mode=admin HTTP/1.1" 200 244
[18/Sep/2026 21:37:04] "GET /staff/chat/poll/?session_id=16&after_id=0 HTTP/1.1" 200 37080
[18/Sep/2026 21:37:32] "GET /api/chat/sessions/?mode=admin HTTP/1.1" 200 244
[18/Sep/2026 21:37:38] "GET /api/chat/sessions/?mode=admin HTTP/1.1" 200 244
[18/Sep/2026 21:37:45] "GET /api/chat/sessions/?mode=admin HTTP/1.1" 200 244
[18/Sep/2026 21:37:48] "GET /staff/chat/poll/?session_id=16&after_id=0 HTTP/1.1" 200 37080
[18/Sep/2026 21:37:49] "GET /staff/chat/16/ HTTP/1.1" 200 400548
[18/Sep/2026 21:37:49] "GET /static/css/admin_base.css?v=20260916h HTTP/1.1" 200 33531
[18/Sep/2026 21:37:49] "GET /static/css/admin_light_mode.css?v=20260917d HTTP/1.1" 200 35726
[18/Sep/2026 21:37:49] "GET /static/js/theme-toggle.js HTTP/1.1" 200 8540
[18/Sep/2026 21:37:49] "GET /static/css/admin_chat.css?v=20260919b HTTP/1.1" 200 100770
[18/Sep/2026 21:37:49] "GET /static/images/BalloorinaLogo1.png HTTP/1.1" 200 82825
[18/Sep/2026 21:37:49] "GET /media/chat_attachments/2026/09/Screenshot_2026-06-28_190534.png HTTP/1.1" 200 211
[18/Sep/2026 21:37:49] "GET /media/chat_attachments/2026/09/r4_4aQstmW.png HTTP/1.1" 200 70427
[18/Sep/2026 21:37:49] "GET /staff/chat/poll/?session_id=16&after_id=0 HTTP/1.1" 200 37080
[18/Sep/2026 21:37:49] "GET /media/chat_attachments/2026/09/Gemini_Generated_Image_q295icq295icq295.png HTTP/1.1" 200 1663308
Not Found: /favicon.ico
[18/Sep/2026 21:37:50] "GET /favicon.ico HTTP/1.1" 404 34940
[18/Sep/2026 21:37:52] "GET /api/chat/sessions/?mode=admin HTTP/1.1" 200 244
[18/Sep/2026 21:37:53] "GET /staff/chat/16/ HTTP/1.1" 200 400548
[18/Sep/2026 21:37:53] "GET /static/js/theme-toggle.js HTTP/1.1" 200 8540
[18/Sep/2026 21:37:53] "GET /static/css/admin_base.css?v=20260916h HTTP/1.1" 200 33531
[18/Sep/2026 21:37:53] "GET /static/css/admin_light_mode.css?v=20260917d HTTP/1.1" 200 35726
[18/Sep/2026 21:37:53] "GET /static/images/BalloorinaLogo1.png HTTP/1.1" 200 82825
[18/Sep/2026 21:37:53] "GET /static/css/admin_chat.css?v=20260919b HTTP/1.1" 200 100770
[18/Sep/2026 21:37:53] "GET /media/chat_attachments/2026/09/r4_4aQstmW.png HTTP/1.1" 200 70427
[18/Sep/2026 21:37:53] "GET /staff/chat/poll/?session_id=16&after_id=0 HTTP/1.1" 200 37080
[18/Sep/2026 21:37:53] "GET /media/chat_attachments/2026/09/Gemini_Generated_Image_q295icq295icq295.png HTTP/1.1" 200 1663308
Not Found: /favicon.ico
[18/Sep/2026 21:37:53] "GET /favicon.ico HTTP/1.1" 404 34940
[18/Sep/2026 21:37:57] "GET /staff/chat/poll/?session_id=16&after_id=0 HTTP/1.1" 200 37080
[18/Sep/2026 21:37:59] "GET /api/chat/media/?session_id=16 HTTP/1.1" 200 1652
[18/Sep/2026 21:37:59] "GET /media/chat_attachments/2026/09/r4.png HTTP/1.1" 200 70427
[18/Sep/2026 21:37:59] "GET /media/chat_attachments/2026/09/r2.png HTTP/1.1" 200 69770
[18/Sep/2026 21:37:59] "GET /media/chat_attachments/2026/09/r3.png HTTP/1.1" 200 69433
[18/Sep/2026 21:37:59] "GET /media/chat_attachments/2026/09/r2_sM1605a.png HTTP/1.1" 200 69770
[18/Sep/2026 21:37:59] "GET /media/chat_attachments/2026/09/r1_KBXUmhF.png HTTP/1.1" 200 70615
[18/Sep/2026 21:37:59] "GET /media/chat_attachments/2026/09/r1.png HTTP/1.1" 200 70615
[18/Sep/2026 21:37:59] "GET /media/chat_attachments/2026/09/Screenshot_2026-06-28_190534.png HTTP/1.1" 200 211
[18/Sep/2026 21:37:59] "GET /media/chat_attachments/2026/09/Screenshot_3.png HTTP/1.1" 200 237911
[18/Sep/2026 21:37:59] "GET /api/chat/sessions/?mode=admin HTTP/1.1" 200 244
[18/Sep/2026 21:38:01] "GET /staff/chat/poll/?session_id=16&after_id=0 HTTP/1.1" 200 37080
[18/Sep/2026 21:38:05] "GET /staff/chat/poll/?session_id=16&after_id=0 HTTP/1.1" 200 37080
[18/Sep/2026 21:38:06] "GET /api/chat/sessions/?mode=admin HTTP/1.1" 200 244
[18/Sep/2026 21:38:10] "GET /staff/chat/poll/?session_id=16&after_id=0 HTTP/1.1" 200 37080
[18/Sep/2026 21:38:13] "GET /api/chat/sessions/?mode=admin HTTP/1.1" 200 244
[18/Sep/2026 21:38:14] "GET /staff/chat/poll/?session_id=16&after_id=0 HTTP/1.1" 200 37080
[18/Sep/2026 21:38:17] "GET /staff/chat/poll/?session_id=16&after_id=0 HTTP/1.1" 200 37080
[18/Sep/2026 21:38:20] "GET /api/chat/sessions/?mode=admin HTTP/1.1" 200 244
[18/Sep/2026 21:38:21] "GET /staff/chat/poll/?session_id=16&after_id=0 HTTP/1.1" 200 37080
[18/Sep/2026 21:38:25] "GET /staff/chat/poll/?session_id=16&after_id=0 HTTP/1.1" 200 37080
[18/Sep/2026 21:38:27] "GET /api/chat/sessions/?mode=admin HTTP/1.1" 200 244
[18/Sep/2026 21:38:29] "GET /staff/chat/poll/?session_id=16&after_id=0 HTTP/1.1" 200 37080
[18/Sep/2026 21:38:33] "GET /staff/chat/poll/?session_id=16&after_id=0 HTTP/1.1" 200 37080
[18/Sep/2026 21:38:34] "GET /api/chat/sessions/?mode=admin HTTP/1.1" 200 244
[18/Sep/2026 21:38:37] "GET /staff/chat/poll/?session_id=16&after_id=0 HTTP/1.1" 200 37080
[18/Sep/2026 21:38:39] "GET /staff/chat/16/ HTTP/1.1" 200 400548
[18/Sep/2026 21:38:39] "GET /static/js/theme-toggle.js HTTP/1.1" 200 8540
[18/Sep/2026 21:38:39] "GET /static/css/admin_light_mode.css?v=20260917d HTTP/1.1" 200 35726
[18/Sep/2026 21:38:39] "GET /static/css/admin_base.css?v=20260916h HTTP/1.1" 200 33531
[18/Sep/2026 21:38:39] "GET /static/css/admin_chat.css?v=20260919b HTTP/1.1" 200 100770
[18/Sep/2026 21:38:39] "GET /static/images/BalloorinaLogo1.png HTTP/1.1" 200 82825
[18/Sep/2026 21:38:39] "GET /media/chat_attachments/2026/09/r4_4aQstmW.png HTTP/1.1" 200 70427
[18/Sep/2026 21:38:39] "GET /staff/chat/poll/?session_id=16&after_id=0 HTTP/1.1" 200 37080
[18/Sep/2026 21:38:39] "GET /media/chat_attachments/2026/09/Gemini_Generated_Image_q295icq295icq295.png HTTP/1.1" 200 1663308
Not Found: /favicon.ico
[18/Sep/2026 21:38:40] "GET /favicon.ico HTTP/1.1" 404 34940
[18/Sep/2026 21:38:43] "GET /api/chat/media/?session_id=16 HTTP/1.1" 200 1652
[18/Sep/2026 21:38:43] "GET /media/chat_attachments/2026/09/r2_sM1605a.png HTTP/1.1" 200 69770
[18/Sep/2026 21:38:43] "GET /media/chat_attachments/2026/09/r2.png HTTP/1.1" 200 69770
[18/Sep/2026 21:38:43] "GET /media/chat_attachments/2026/09/r1_KBXUmhF.png HTTP/1.1" 200 70615
[18/Sep/2026 21:38:43] "GET /media/chat_attachments/2026/09/r4.png HTTP/1.1" 200 70427
[18/Sep/2026 21:38:43] "GET /media/chat_attachments/2026/09/r3.png HTTP/1.1" 200 69433
[18/Sep/2026 21:38:43] "GET /media/chat_attachments/2026/09/Screenshot_3.png HTTP/1.1" 200 237911
[18/Sep/2026 21:38:43] "GET /media/chat_attachments/2026/09/r1.png HTTP/1.1" 200 70615
[18/Sep/2026 21:38:43] "GET /media/chat_attachments/2026/09/Screenshot_2026-06-28_190534.png HTTP/1.1" 200 211
[18/Sep/2026 21:38:43] "GET /staff/chat/poll/?session_id=16&after_id=0 HTTP/1.1" 200 37080
[18/Sep/2026 21:38:45] "POST /api/chat/pin/ HTTP/1.1" 200 79
[18/Sep/2026 21:38:47] "GET /staff/chat/poll/?session_id=16&after_id=0 HTTP/1.1" 200 36864
[18/Sep/2026 21:38:50] "POST /api/chat/pin/ HTTP/1.1" 200 295
[18/Sep/2026 21:38:51] "GET /staff/chat/poll/?session_id=16&after_id=0 HTTP/1.1" 200 37080
[18/Sep/2026 21:38:54] "GET /api/chat/sessions/?mode=admin HTTP/1.1" 200 244
[18/Sep/2026 21:38:55] "GET /api/chat/sessions/?mode=admin HTTP/1.1" 200 244
[18/Sep/2026 21:38:55] "GET /my-payments/?payments_page=1&tab=payment_history HTTP/1.1" 200 200320
[18/Sep/2026 21:38:55] "GET /static/css/client_admin_chat_widget.css?v=20260919b HTTP/1.1" 200 44092
[18/Sep/2026 21:38:55] "GET /static/js/client_admin_chat_widget.js?v=20260919b HTTP/1.1" 200 50736
[18/Sep/2026 21:38:55] "GET /api/chat/sessions/?mode=admin HTTP/1.1" 200 244
[18/Sep/2026 21:38:55] "GET /api/chat/history/?session_id=16 HTTP/1.1" 200 23314
[18/Sep/2026 21:38:55] "GET /staff/chat/poll/?session_id=16&after_id=0 HTTP/1.1" 200 37079
[18/Sep/2026 21:38:56] "GET /api/chat/history/?session_id=16 HTTP/1.1" 200 23314
[18/Sep/2026 21:38:56] "POST /api/chat/mark-read/ HTTP/1.1" 200 17
[18/Sep/2026 21:38:59] "GET /staff/chat/poll/?session_id=16&after_id=0 HTTP/1.1" 200 37079
[18/Sep/2026 21:39:02] "GET /api/chat/history/?session_id=16 HTTP/1.1" 200 23314
[18/Sep/2026 21:39:02] "POST /api/chat/mark-read/ HTTP/1.1" 200 17
[18/Sep/2026 21:39:02] "GET /api/chat/media/?session_id=16 HTTP/1.1" 200 1652
[18/Sep/2026 21:39:04] "GET /staff/chat/poll/?session_id=16&after_id=0 HTTP/1.1" 200 37079
[18/Sep/2026 21:39:07] "GET /staff/chat/poll/?session_id=16&after_id=0 HTTP/1.1" 200 37079
[18/Sep/2026 21:39:09] "GET /api/chat/history/?session_id=16 HTTP/1.1" 200 23314
[18/Sep/2026 21:39:09] "POST /api/chat/mark-read/ HTTP/1.1" 200 17
[18/Sep/2026 21:39:11] "GET /staff/chat/poll/?session_id=16&after_id=0 HTTP/1.1" 200 37079
[18/Sep/2026 21:39:15] "GET /staff/chat/poll/?session_id=16&after_id=0 HTTP/1.1" 200 37079
[18/Sep/2026 21:39:16] "GET /api/chat/history/?session_id=16 HTTP/1.1" 200 23314
[18/Sep/2026 21:39:16] "POST /api/chat/mark-read/ HTTP/1.1" 200 17
[18/Sep/2026 21:39:19] "GET /staff/chat/poll/?session_id=16&after_id=0 HTTP/1.1" 200 37079
[18/Sep/2026 21:39:23] "GET /api/chat/history/?session_id=16 HTTP/1.1" 200 23314
[18/Sep/2026 21:39:23] "POST /api/chat/mark-read/ HTTP/1.1" 200 17
[18/Sep/2026 21:39:24] "GET /staff/chat/poll/?session_id=16&after_id=0 HTTP/1.1" 200 37079
[18/Sep/2026 21:39:27] "GET /api/chat/media/?session_id=16 HTTP/1.1" 200 1652
[18/Sep/2026 21:39:27] "GET /staff/chat/poll/?session_id=16&after_id=0 HTTP/1.1" 200 37079
[18/Sep/2026 21:39:31] "GET /api/chat/history/?session_id=16 HTTP/1.1" 200 23314
[18/Sep/2026 21:39:31] "POST /api/chat/mark-read/ HTTP/1.1" 200 17
[18/Sep/2026 21:39:31] "GET /staff/chat/poll/?session_id=16&after_id=0 HTTP/1.1" 200 37079
[18/Sep/2026 21:39:35] "GET /staff/chat/poll/?session_id=16&after_id=0 HTTP/1.1" 200 37079
[18/Sep/2026 21:39:37] "POST /api/chat/pin/ HTTP/1.1" 200 582
[18/Sep/2026 21:39:37] "GET /api/chat/history/?session_id=16 HTTP/1.1" 200 23600
[18/Sep/2026 21:39:37] "POST /api/chat/mark-read/ HTTP/1.1" 200 17
[18/Sep/2026 21:39:37] "GET /api/chat/history/?session_id=16 HTTP/1.1" 200 23600
[18/Sep/2026 21:39:37] "POST /api/chat/mark-read/ HTTP/1.1" 200 17
[18/Sep/2026 21:39:39] "GET /staff/chat/poll/?session_id=16&after_id=0 HTTP/1.1" 200 37365
[18/Sep/2026 21:39:43] "GET /staff/chat/poll/?session_id=16&after_id=0 HTTP/1.1" 200 37365
[18/Sep/2026 21:39:44] "GET /api/chat/history/?session_id=16 HTTP/1.1" 200 23600
[18/Sep/2026 21:39:44] "POST /api/chat/mark-read/ HTTP/1.1" 200 17
[18/Sep/2026 21:39:47] "GET /staff/chat/poll/?session_id=16&after_id=0 HTTP/1.1" 200 37365
[18/Sep/2026 21:39:49] "GET /api/chat/media/?session_id=16 HTTP/1.1" 200 1652
[18/Sep/2026 21:39:51] "GET /api/chat/history/?session_id=16 HTTP/1.1" 200 23600
[18/Sep/2026 21:39:51] "POST /api/chat/mark-read/ HTTP/1.1" 200 17
[18/Sep/2026 21:39:51] "GET /staff/chat/poll/?session_id=16&after_id=0 HTTP/1.1" 200 37365
[18/Sep/2026 21:39:55] "POST /api/chat/pin/ HTTP/1.1" 200 296
[18/Sep/2026 21:39:55] "GET /api/chat/history/?session_id=16 HTTP/1.1" 200 23314
[18/Sep/2026 21:39:55] "POST /api/chat/mark-read/ HTTP/1.1" 200 17
[18/Sep/2026 21:39:55] "GET /staff/chat/poll/?session_id=16&after_id=0 HTTP/1.1" 200 37079
[18/Sep/2026 21:39:58] "GET /staff/chat/16/ HTTP/1.1" 200 400544
[18/Sep/2026 21:39:58] "GET /static/css/admin_chat.css?v=20260919b HTTP/1.1" 304 0
[18/Sep/2026 21:39:58] "GET /staff/chat/poll/?session_id=16&after_id=0 HTTP/1.1" 200 37079
[18/Sep/2026 21:39:59] "GET /api/chat/history/?session_id=16 HTTP/1.1" 200 23314
[18/Sep/2026 21:39:59] "POST /api/chat/mark-read/ HTTP/1.1" 200 17
[18/Sep/2026 21:40:02] "GET /staff/chat/poll/?session_id=16&after_id=0 HTTP/1.1" 200 37079
[18/Sep/2026 21:40:05] "GET /api/chat/media/?session_id=16 HTTP/1.1" 200 1652
[18/Sep/2026 21:40:06] "GET /api/chat/history/?session_id=16 HTTP/1.1" 200 23314
[18/Sep/2026 21:40:06] "POST /api/chat/mark-read/ HTTP/1.1" 200 17
[18/Sep/2026 21:40:06] "GET /staff/chat/poll/?session_id=16&after_id=0 HTTP/1.1" 200 37079
[18/Sep/2026 21:40:10] "GET /staff/chat/poll/?session_id=16&after_id=0 HTTP/1.1" 200 37079
[18/Sep/2026 21:40:13] "GET /api/chat/history/?session_id=16 HTTP/1.1" 200 23314
[18/Sep/2026 21:40:13] "POST /api/chat/mark-read/ HTTP/1.1" 200 17
[18/Sep/2026 21:40:14] "GET /staff/chat/poll/?session_id=16&after_id=0 HTTP/1.1" 200 37079
[18/Sep/2026 21:40:17] "GET /api/chat/media/?session_id=16 HTTP/1.1" 200 1652
[18/Sep/2026 21:40:18] "GET /staff/chat/poll/?session_id=16&after_id=0 HTTP/1.1" 200 37079
[18/Sep/2026 21:40:20] "GET /api/chat/history/?session_id=16 HTTP/1.1" 200 23314
[18/Sep/2026 21:40:20] "POST /api/chat/mark-read/ HTTP/1.1" 200 17
[18/Sep/2026 21:40:22] "GET /staff/chat/poll/?session_id=16&after_id=0 HTTP/1.1" 200 37079
[18/Sep/2026 21:40:26] "GET /staff/chat/poll/?session_id=16&after_id=0 HTTP/1.1" 200 37079
[18/Sep/2026 21:40:27] "GET /api/chat/history/?session_id=16 HTTP/1.1" 200 23314
[18/Sep/2026 21:40:27] "POST /api/chat/mark-read/ HTTP/1.1" 200 17
[18/Sep/2026 21:40:30] "GET /staff/chat/poll/?session_id=16&after_id=0 HTTP/1.1" 200 37079
[18/Sep/2026 21:40:33] "GET /api/chat/history/?session_id=16 HTTP/1.1" 200 23314
[18/Sep/2026 21:40:33] "POST /api/chat/mark-read/ HTTP/1.1" 200 17
[18/Sep/2026 21:40:34] "GET /staff/chat/poll/?session_id=16&after_id=0 HTTP/1.1" 200 37079
[18/Sep/2026 21:40:38] "GET /staff/chat/poll/?session_id=16&after_id=0 HTTP/1.1" 200 37079
[18/Sep/2026 21:40:41] "GET /api/chat/history/?session_id=16 HTTP/1.1" 200 23314
[18/Sep/2026 21:40:41] "POST /api/chat/mark-read/ HTTP/1.1" 200 17
[18/Sep/2026 21:40:42] "GET /staff/chat/poll/?session_id=16&after_id=0 HTTP/1.1" 200 37079
[18/Sep/2026 21:40:46] "GET /staff/chat/poll/?session_id=16&after_id=0 HTTP/1.1" 200 37079
[18/Sep/2026 21:40:48] "GET /api/chat/history/?session_id=16 HTTP/1.1" 200 23314
[18/Sep/2026 21:40:48] "POST /api/chat/mark-read/ HTTP/1.1" 200 17
[18/Sep/2026 21:40:50] "GET /staff/chat/poll/?session_id=16&after_id=0 HTTP/1.1" 200 37079
[18/Sep/2026 21:40:55] "GET /staff/chat/poll/?session_id=16&after_id=0 HTTP/1.1" 200 37079
[18/Sep/2026 21:40:55] "GET /api/chat/history/?session_id=16 HTTP/1.1" 200 23314
[18/Sep/2026 21:40:55] "POST /api/chat/mark-read/ HTTP/1.1" 200 17
[18/Sep/2026 21:40:58] "GET /staff/chat/poll/?session_id=16&after_id=0 HTTP/1.1" 200 37079
[18/Sep/2026 21:41:00] "GET /api/chat/media/?session_id=16 HTTP/1.1" 200 1652
[18/Sep/2026 21:41:02] "GET /staff/chat/poll/?session_id=16&after_id=0 HTTP/1.1" 200 37079
[18/Sep/2026 21:41:04] "GET /api/chat/history/?session_id=16 HTTP/1.1" 200 23314
[18/Sep/2026 21:41:04] "POST /api/chat/mark-read/ HTTP/1.1" 200 17
[18/Sep/2026 21:41:06] "GET /staff/chat/poll/?session_id=16&after_id=0 HTTP/1.1" 200 37079
[18/Sep/2026 21:41:10] "GET /staff/chat/poll/?session_id=16&after_id=0 HTTP/1.1" 200 37079
[18/Sep/2026 21:41:14] "GET /staff/chat/poll/?session_id=16&after_id=0 HTTP/1.1" 200 37079
[18/Sep/2026 21:41:16] "GET /staff/chat/ HTTP/1.1" 200 116587
[18/Sep/2026 21:41:16] "GET /static/css/admin_chat.css?v=20260918c HTTP/1.1" 200 100770
[18/Sep/2026 21:41:26] "GET /api/staff/chat/unread/ HTTP/1.1" 200 39
[18/Sep/2026 21:41:36] "GET /api/staff/chat/unread/ HTTP/1.1" 200 39
[18/Sep/2026 21:41:46] "GET /api/staff/chat/unread/ HTTP/1.1" 200 39
[18/Sep/2026 21:42:04] "GET /api/chat/history/?session_id=16 HTTP/1.1" 200 23314
[18/Sep/2026 21:42:04] "POST /api/chat/mark-read/ HTTP/1.1" 200 17
[18/Sep/2026 21:43:04] "GET /api/chat/history/?session_id=16 HTTP/1.1" 200 23315
[18/Sep/2026 21:43:04] "POST /api/chat/mark-read/ HTTP/1.1" 200 17
[18/Sep/2026 21:44:04] "GET /api/chat/history/?session_id=16 HTTP/1.1" 200 23315
[18/Sep/2026 21:44:04] "POST /api/chat/mark-read/ HTTP/1.1" 200 17
[18/Sep/2026 21:45:04] "GET /api/chat/history/?session_id=16 HTTP/1.1" 200 23315
[18/Sep/2026 21:45:04] "POST /api/chat/mark-read/ HTTP/1.1" 200 17
[18/Sep/2026 21:46:04] "GET /api/chat/history/?session_id=16 HTTP/1.1" 200 23315
[18/Sep/2026 21:46:04] "POST /api/chat/mark-read/ HTTP/1.1" 200 17
[18/Sep/2026 21:47:04] "GET /api/chat/history/?session_id=16 HTTP/1.1" 200 23315
[18/Sep/2026 21:47:04] "POST /api/chat/mark-read/ HTTP/1.1" 200 17
[18/Sep/2026 21:48:04] "GET /api/chat/history/?session_id=16 HTTP/1.1" 200 23315
[18/Sep/2026 21:48:04] "POST /api/chat/mark-read/ HTTP/1.1" 200 17
[18/Sep/2026 21:48:10] "GET /api/chat/history/?session_id=16 HTTP/1.1" 200 23315
[18/Sep/2026 21:48:10] "POST /api/chat/mark-read/ HTTP/1.1" 200 17
[18/Sep/2026 21:48:16] "GET /api/chat/history/?session_id=16 HTTP/1.1" 200 23315
[18/Sep/2026 21:48:16] "POST /api/chat/mark-read/ HTTP/1.1" 200 17
[18/Sep/2026 21:48:23] "GET /api/chat/history/?session_id=16 HTTP/1.1" 200 23315
[18/Sep/2026 21:48:23] "POST /api/chat/mark-read/ HTTP/1.1" 200 17
[18/Sep/2026 21:48:29] "GET /api/chat/history/?session_id=16 HTTP/1.1" 200 23315
[18/Sep/2026 21:48:30] "POST /api/chat/mark-read/ HTTP/1.1" 200 17
[18/Sep/2026 21:48:37] "GET /api/chat/history/?session_id=16 HTTP/1.1" 200 23315
[18/Sep/2026 21:48:37] "POST /api/chat/mark-read/ HTTP/1.1" 200 17
[18/Sep/2026 21:48:44] "GET /api/chat/history/?session_id=16 HTTP/1.1" 200 23315
[18/Sep/2026 21:48:44] "POST /api/chat/mark-read/ HTTP/1.1" 200 17
[18/Sep/2026 21:48:51] "GET /api/chat/history/?session_id=16 HTTP/1.1" 200 23315
[18/Sep/2026 21:48:51] "POST /api/chat/mark-read/ HTTP/1.1" 200 17
[18/Sep/2026 21:48:58] "GET /api/chat/history/?session_id=16 HTTP/1.1" 200 23315
[18/Sep/2026 21:48:58] "POST /api/chat/mark-read/ HTTP/1.1" 200 17
[18/Sep/2026 21:49:05] "GET /api/chat/history/?session_id=16 HTTP/1.1" 200 23315
[18/Sep/2026 21:49:05] "POST /api/chat/mark-read/ HTTP/1.1" 200 17
[18/Sep/2026 21:49:12] "GET /api/chat/history/?session_id=16 HTTP/1.1" 200 23315
[18/Sep/2026 21:49:12] "POST /api/chat/mark-read/ HTTP/1.1" 200 17
[18/Sep/2026 21:49:18] "GET /api/chat/history/?session_id=16 HTTP/1.1" 200 23315
[18/Sep/2026 21:49:18] "POST /api/chat/mark-read/ HTTP/1.1" 200 17
[18/Sep/2026 21:49:25] "GET /api/chat/history/?session_id=16 HTTP/1.1" 200 23315
[18/Sep/2026 21:49:25] "POST /api/chat/mark-read/ HTTP/1.1" 200 17
[18/Sep/2026 21:49:32] "GET /api/chat/history/?session_id=16 HTTP/1.1" 200 23315
[18/Sep/2026 21:49:32] "POST /api/chat/mark-read/ HTTP/1.1" 200 17
[18/Sep/2026 21:49:39] "GET /api/chat/history/?session_id=16 HTTP/1.1" 200 23315
[18/Sep/2026 21:49:39] "POST /api/chat/mark-read/ HTTP/1.1" 200 17
[18/Sep/2026 21:49:46] "GET /api/chat/history/?session_id=16 HTTP/1.1" 200 23315
[18/Sep/2026 21:49:46] "POST /api/chat/mark-read/ HTTP/1.1" 200 17
[18/Sep/2026 21:49:54] "GET /api/chat/history/?session_id=16 HTTP/1.1" 200 23315
[18/Sep/2026 21:49:54] "POST /api/chat/mark-read/ HTTP/1.1" 200 17
[18/Sep/2026 21:50:00] "GET /api/chat/history/?session_id=16 HTTP/1.1" 200 23315
[18/Sep/2026 21:50:00] "POST /api/chat/mark-read/ HTTP/1.1" 200 17
[18/Sep/2026 21:50:07] "GET /api/chat/history/?session_id=16 HTTP/1.1" 200 23315
[18/Sep/2026 21:50:07] "POST /api/chat/mark-read/ HTTP/1.1" 200 17
[18/Sep/2026 21:50:14] "GET /api/chat/history/?session_id=16 HTTP/1.1" 200 23315
[18/Sep/2026 21:50:14] "POST /api/chat/mark-read/ HTTP/1.1" 200 17
[18/Sep/2026 21:50:21] "GET /api/chat/history/?session_id=16 HTTP/1.1" 200 23315
[18/Sep/2026 21:50:21] "POST /api/chat/mark-read/ HTTP/1.1" 200 17
[18/Sep/2026 21:50:29] "GET /api/chat/history/?session_id=16 HTTP/1.1" 200 23315
[18/Sep/2026 21:50:29] "POST /api/chat/mark-read/ HTTP/1.1" 200 17
[18/Sep/2026 21:50:33] "GET /my-payments/ HTTP/1.1" 200 200332
[18/Sep/2026 21:50:33] "GET /static/css/client_admin_chat_widget.css?v=20260919b HTTP/1.1" 304 0
[18/Sep/2026 21:50:33] "GET /static/css/client_payment.css?v=20260918d HTTP/1.1" 304 0
[18/Sep/2026 21:50:33] "GET /static/js/client_admin_chat_widget.js?v=20260919b HTTP/1.1" 304 0
[18/Sep/2026 21:50:33] "GET /api/chat/sessions/?mode=admin HTTP/1.1" 200 244
[18/Sep/2026 21:50:33] "GET /api/chat/history/?session_id=16 HTTP/1.1" 200 23315
[18/Sep/2026 21:50:40] "GET /api/chat/sessions/?mode=admin HTTP/1.1" 200 244
[18/Sep/2026 21:50:47] "GET /api/chat/sessions/?mode=admin HTTP/1.1" 200 244
[18/Sep/2026 21:50:54] "GET /api/chat/sessions/?mode=admin HTTP/1.1" 200 244
[18/Sep/2026 21:51:01] "GET /api/chat/sessions/?mode=admin HTTP/1.1" 200 244
[18/Sep/2026 21:51:08] "GET /api/chat/sessions/?mode=admin HTTP/1.1" 200 244
[18/Sep/2026 21:51:09] "GET / HTTP/1.1" 200 156279
[18/Sep/2026 21:51:09] "GET /api/chat/sessions/?mode=admin HTTP/1.1" 200 244
[18/Sep/2026 21:51:10] "GET /api/chat/history/?session_id=16 HTTP/1.1" 200 23315
[18/Sep/2026 21:51:13] "GET /customer/ HTTP/1.1" 200 307449
[18/Sep/2026 21:51:13] "GET /api/chat/sessions/?mode=admin HTTP/1.1" 200 244
[18/Sep/2026 21:51:13] "GET /api/chat/history/?session_id=16 HTTP/1.1" 200 23315
[18/Sep/2026 21:51:20] "GET /api/chat/sessions/?mode=admin HTTP/1.1" 200 244
[18/Sep/2026 21:51:27] "GET /api/chat/sessions/?mode=admin HTTP/1.1" 200 244
[18/Sep/2026 21:51:34] "GET /api/chat/sessions/?mode=admin HTTP/1.1" 200 244
[18/Sep/2026 21:51:41] "GET /api/chat/sessions/?mode=admin HTTP/1.1" 200 244
[18/Sep/2026 21:51:48] "GET /api/chat/sessions/?mode=admin HTTP/1.1" 200 244
[18/Sep/2026 21:51:49] "GET /my-payments/ HTTP/1.1" 200 200332
[18/Sep/2026 21:51:49] "GET /api/chat/sessions/?mode=admin HTTP/1.1" 200 244
[18/Sep/2026 21:51:50] "GET /api/chat/history/?session_id=16 HTTP/1.1" 200 23315
[18/Sep/2026 21:51:56] "GET /api/chat/sessions/?mode=admin HTTP/1.1" 200 244
[18/Sep/2026 21:52:03] "GET /api/chat/sessions/?mode=admin HTTP/1.1" 200 244
[18/Sep/2026 21:52:10] "GET /api/chat/sessions/?mode=admin HTTP/1.1" 200 244
[18/Sep/2026 21:52:17] "GET /api/chat/sessions/?mode=admin HTTP/1.1" 200 244
[18/Sep/2026 21:52:24] "GET /api/chat/sessions/?mode=admin HTTP/1.1" 200 244
[18/Sep/2026 21:52:31] "GET /api/chat/sessions/?mode=admin HTTP/1.1" 200 244
[18/Sep/2026 21:52:38] "GET /api/chat/sessions/?mode=admin HTTP/1.1" 200 244
[18/Sep/2026 21:52:45] "GET /api/chat/sessions/?mode=admin HTTP/1.1" 200 244
[18/Sep/2026 21:52:52] "GET /api/chat/sessions/?mode=admin HTTP/1.1" 200 244
[18/Sep/2026 21:52:59] "GET /api/chat/sessions/?mode=admin HTTP/1.1" 200 244
[18/Sep/2026 21:53:06] "GET /api/chat/sessions/?mode=admin HTTP/1.1" 200 244
[18/Sep/2026 21:53:13] "GET /api/chat/sessions/?mode=admin HTTP/1.1" 200 244
[18/Sep/2026 21:53:20] "GET /api/chat/sessions/?mode=admin HTTP/1.1" 200 244
[18/Sep/2026 21:53:27] "GET /api/chat/sessions/?mode=admin HTTP/1.1" 200 244
[18/Sep/2026 21:53:34] "GET /api/chat/sessions/?mode=admin HTTP/1.1" 200 244
[18/Sep/2026 21:53:41] "GET /api/chat/sessions/?mode=admin HTTP/1.1" 200 244
[18/Sep/2026 21:53:48] "GET /api/staff/chat/unread/ HTTP/1.1" 200 39
[18/Sep/2026 21:53:48] "GET /api/chat/sessions/?mode=admin HTTP/1.1" 200 244
[18/Sep/2026 21:53:49] "GET /staff/chat/ HTTP/1.1" 200 116587
[18/Sep/2026 21:53:49] "GET /static/css/admin_light_mode.css?v=20260917d HTTP/1.1" 200 35726
[18/Sep/2026 21:53:49] "GET /static/css/admin_chat.css?v=20260918c HTTP/1.1" 200 100770
[18/Sep/2026 21:53:49] "GET /static/js/theme-toggle.js HTTP/1.1" 200 8540
[18/Sep/2026 21:53:49] "GET /static/css/admin_base.css?v=20260916h HTTP/1.1" 200 33531
[18/Sep/2026 21:53:49] "GET /static/images/BalloorinaLogo1.png HTTP/1.1" 200 82825
Not Found: /favicon.ico
[18/Sep/2026 21:53:49] "GET /favicon.ico HTTP/1.1" 404 34940
[18/Sep/2026 21:53:50] "GET /staff/chat/16/ HTTP/1.1" 200 401215
[18/Sep/2026 21:53:50] "GET /static/css/admin_chat.css?v=20260919c HTTP/1.1" 200 100770
[18/Sep/2026 21:53:51] "GET /staff/chat/poll/?session_id=16&after_id=0 HTTP/1.1" 200 37080
[18/Sep/2026 21:53:55] "GET /staff/chat/poll/?session_id=16&after_id=0 HTTP/1.1" 200 37080
[18/Sep/2026 21:53:55] "GET /api/chat/sessions/?mode=admin HTTP/1.1" 200 244
[18/Sep/2026 21:53:59] "GET /staff/chat/poll/?session_id=16&after_id=0 HTTP/1.1" 200 37080
[18/Sep/2026 21:54:01] "GET /staff/bookings/ HTTP/1.1" 200 144980
[18/Sep/2026 21:54:02] "GET /api/chat/sessions/?mode=admin HTTP/1.1" 200 244
[18/Sep/2026 21:54:03] "GET /staff/payments/ HTTP/1.1" 200 150312
[18/Sep/2026 21:54:03] "GET /static/css/admin_payment.css?v=20260918b HTTP/1.1" 304 0
[18/Sep/2026 21:54:05] "GET /staff/packages/ HTTP/1.1" 200 122952
[18/Sep/2026 21:54:05] "GET /static/css/admin_package.css HTTP/1.1" 200 30645
[18/Sep/2026 21:54:08] "GET /staff/packages/1/view/ HTTP/1.1" 200 113667
[18/Sep/2026 21:54:08] "GET /media/packages/images_2.jpe HTTP/1.1" 200 30190
[18/Sep/2026 21:54:09] "GET /api/chat/sessions/?mode=admin HTTP/1.1" 200 244
[18/Sep/2026 21:54:16] "GET /api/chat/sessions/?mode=admin HTTP/1.1" 200 244
[18/Sep/2026 21:54:17] "GET /staff/chat/ HTTP/1.1" 200 116587
[18/Sep/2026 21:54:19] "GET /staff/chat/16/ HTTP/1.1" 200 401215
[18/Sep/2026 21:54:20] "GET /staff/chat/poll/?session_id=16&after_id=0 HTTP/1.1" 200 37080
[18/Sep/2026 21:54:21] "GET /api/chat/media/?session_id=16 HTTP/1.1" 200 1652
[18/Sep/2026 21:54:23] "GET /api/chat/sessions/?mode=admin HTTP/1.1" 200 244
[18/Sep/2026 21:54:24] "GET /staff/chat/poll/?session_id=16&after_id=0 HTTP/1.1" 200 37080
[18/Sep/2026 21:54:28] "GET /staff/chat/poll/?session_id=16&after_id=0 HTTP/1.1" 200 37080
[18/Sep/2026 21:54:30] "GET /api/chat/sessions/?mode=admin HTTP/1.1" 200 244
[18/Sep/2026 21:54:32] "GET /staff/chat/poll/?session_id=16&after_id=0 HTTP/1.1" 200 37080
[18/Sep/2026 21:54:36] "GET /staff/chat/poll/?session_id=16&after_id=0 HTTP/1.1" 200 37080
[18/Sep/2026 21:54:37] "GET /api/chat/media/?session_id=16 HTTP/1.1" 200 1652
[18/Sep/2026 21:54:37] "GET /api/chat/sessions/?mode=admin HTTP/1.1" 200 244
[18/Sep/2026 21:54:40] "GET /staff/chat/poll/?session_id=16&after_id=0 HTTP/1.1" 200 37080
[18/Sep/2026 21:54:44] "GET /staff/chat/poll/?session_id=16&after_id=0 HTTP/1.1" 200 37080
[18/Sep/2026 21:54:44] "GET /api/chat/sessions/?mode=admin HTTP/1.1" 200 244
[18/Sep/2026 21:54:48] "GET /staff/chat/poll/?session_id=16&after_id=0 HTTP/1.1" 200 37080
[18/Sep/2026 21:54:52] "GET /staff/chat/poll/?session_id=16&after_id=0 HTTP/1.1" 200 37080
[18/Sep/2026 21:54:56] "GET /staff/chat/poll/?session_id=16&after_id=0 HTTP/1.1" 200 37080
[18/Sep/2026 21:55:00] "GET /staff/chat/poll/?session_id=16&after_id=0 HTTP/1.1" 200 37080
[18/Sep/2026 21:55:03] "GET /api/chat/sessions/?mode=admin HTTP/1.1" 200 244
[18/Sep/2026 21:55:04] "GET /staff/chat/poll/?session_id=16&after_id=0 HTTP/1.1" 200 37080
[18/Sep/2026 21:55:08] "GET /staff/chat/poll/?session_id=16&after_id=0 HTTP/1.1" 200 37080
[18/Sep/2026 21:55:12] "GET /staff/chat/poll/?session_id=16&after_id=0 HTTP/1.1" 200 37080
[18/Sep/2026 21:55:16] "GET /staff/chat/poll/?session_id=16&after_id=0 HTTP/1.1" 200 37080
[18/Sep/2026 21:55:20] "GET /staff/chat/poll/?session_id=16&after_id=0 HTTP/1.1" 200 37080
[18/Sep/2026 21:55:24] "GET /staff/chat/poll/?session_id=16&after_id=0 HTTP/1.1" 200 37080
[18/Sep/2026 21:55:28] "GET /staff/chat/poll/?session_id=16&after_id=0 HTTP/1.1" 200 37080
[18/Sep/2026 21:55:32] "GET /staff/chat/poll/?session_id=16&after_id=0 HTTP/1.1" 200 37080
[18/Sep/2026 21:55:36] "GET /staff/chat/poll/?session_id=16&after_id=0 HTTP/1.1" 200 37080
[18/Sep/2026 21:55:40] "GET /staff/chat/poll/?session_id=16&after_id=0 HTTP/1.1" 200 37080
[18/Sep/2026 21:55:44] "GET /staff/chat/poll/?session_id=16&after_id=0 HTTP/1.1" 200 37080
[18/Sep/2026 21:55:48] "GET /staff/chat/poll/?session_id=16&after_id=0 HTTP/1.1" 200 37080
[18/Sep/2026 21:55:52] "GET /staff/chat/poll/?session_id=16&after_id=0 HTTP/1.1" 200 37080
[18/Sep/2026 21:55:56] "GET /staff/chat/poll/?session_id=16&after_id=0 HTTP/1.1" 200 37080
[18/Sep/2026 21:56:00] "GET /staff/chat/poll/?session_id=16&after_id=0 HTTP/1.1" 200 37080
[18/Sep/2026 21:56:03] "GET /api/chat/sessions/?mode=admin HTTP/1.1" 200 244
[18/Sep/2026 21:56:04] "GET /staff/chat/poll/?session_id=16&after_id=0 HTTP/1.1" 200 37080
[18/Sep/2026 21:56:09] "GET /staff/chat/poll/?session_id=16&after_id=0 HTTP/1.1" 200 37080
[18/Sep/2026 21:56:12] "GET /staff/chat/poll/?session_id=16&after_id=0 HTTP/1.1" 200 37080
[18/Sep/2026 21:56:17] "GET /staff/chat/poll/?session_id=16&after_id=0 HTTP/1.1" 200 37080
[18/Sep/2026 21:56:20] "GET /staff/chat/poll/?session_id=16&after_id=0 HTTP/1.1" 200 37080
[18/Sep/2026 21:56:24] "GET /staff/chat/poll/?session_id=16&after_id=0 HTTP/1.1" 200 37080
[18/Sep/2026 21:56:29] "GET /staff/chat/poll/?session_id=16&after_id=0 HTTP/1.1" 200 37080
[18/Sep/2026 21:56:33] "GET /staff/chat/poll/?session_id=16&after_id=0 HTTP/1.1" 200 37080
[18/Sep/2026 21:56:36] "GET /staff/chat/poll/?session_id=16&after_id=0 HTTP/1.1" 200 37080
[18/Sep/2026 21:56:40] "GET /staff/chat/poll/?session_id=16&after_id=0 HTTP/1.1" 200 37080
[18/Sep/2026 21:56:44] "GET /staff/chat/poll/?session_id=16&after_id=0 HTTP/1.1" 200 37080
[18/Sep/2026 21:56:49] "GET /staff/chat/poll/?session_id=16&after_id=0 HTTP/1.1" 200 37080
[18/Sep/2026 21:56:52] "GET /staff/chat/poll/?session_id=16&after_id=0 HTTP/1.1" 200 37080
[18/Sep/2026 21:56:56] "GET /staff/chat/poll/?session_id=16&after_id=0 HTTP/1.1" 200 37080
[18/Sep/2026 21:57:04] "GET /staff/chat/poll/?session_id=16&after_id=0 HTTP/1.1" 200 37080
[18/Sep/2026 21:57:04] "GET /api/chat/sessions/?mode=admin HTTP/1.1" 200 244
[18/Sep/2026 21:57:16] "GET /api/chat/sessions/?mode=admin HTTP/1.1" 200 244
[18/Sep/2026 21:57:18] "GET /api/chat/sessions/?mode=admin HTTP/1.1" 200 244
[18/Sep/2026 21:57:22] "GET /staff/chat/poll/?session_id=16&after_id=0 HTTP/1.1" 200 37080
[18/Sep/2026 21:57:24] "GET /staff/chat/poll/?session_id=16&after_id=0 HTTP/1.1" 200 37080
[18/Sep/2026 21:57:25] "GET /api/chat/sessions/?mode=admin HTTP/1.1" 200 244
[18/Sep/2026 21:57:28] "GET /staff/chat/poll/?session_id=16&after_id=0 HTTP/1.1" 200 37080
[18/Sep/2026 21:57:32] "GET /staff/chat/poll/?session_id=16&after_id=0 HTTP/1.1" 200 37080
[18/Sep/2026 21:57:32] "GET /api/chat/sessions/?mode=admin HTTP/1.1" 200 244
[18/Sep/2026 21:57:36] "GET /staff/chat/poll/?session_id=16&after_id=0 HTTP/1.1" 200 37080
[18/Sep/2026 21:57:39] "GET /api/chat/sessions/?mode=admin HTTP/1.1" 200 244
[18/Sep/2026 21:57:40] "GET /staff/chat/poll/?session_id=16&after_id=0 HTTP/1.1" 200 37080
[18/Sep/2026 21:57:44] "GET /staff/chat/poll/?session_id=16&after_id=0 HTTP/1.1" 200 37080
[18/Sep/2026 21:57:46] "GET /api/chat/sessions/?mode=admin HTTP/1.1" 200 244
[18/Sep/2026 21:57:48] "GET /staff/chat/poll/?session_id=16&after_id=0 HTTP/1.1" 200 37080
[18/Sep/2026 21:57:53] "GET /staff/chat/poll/?session_id=16&after_id=0 HTTP/1.1" 200 37080
[18/Sep/2026 21:57:53] "GET /api/chat/sessions/?mode=admin HTTP/1.1" 200 244
[18/Sep/2026 21:57:56] "GET /staff/chat/poll/?session_id=16&after_id=0 HTTP/1.1" 200 37080
[18/Sep/2026 21:58:01] "GET /staff/chat/poll/?session_id=16&after_id=0 HTTP/1.1" 200 37080
[18/Sep/2026 21:58:01] "GET /api/chat/sessions/?mode=admin HTTP/1.1" 200 244
[18/Sep/2026 21:58:04] "GET /staff/chat/poll/?session_id=16&after_id=0 HTTP/1.1" 200 37080
[18/Sep/2026 21:58:07] "GET /api/chat/sessions/?mode=admin HTTP/1.1" 200 244
[18/Sep/2026 21:58:08] "GET /staff/chat/poll/?session_id=16&after_id=0 HTTP/1.1" 200 37080
[18/Sep/2026 21:58:12] "GET /staff/chat/poll/?session_id=16&after_id=0 HTTP/1.1" 200 37080
[18/Sep/2026 21:58:14] "GET /api/chat/sessions/?mode=admin HTTP/1.1" 200 244
[18/Sep/2026 21:58:16] "GET /staff/chat/poll/?session_id=16&after_id=0 HTTP/1.1" 200 37080
[18/Sep/2026 21:58:20] "GET /staff/chat/poll/?session_id=16&after_id=0 HTTP/1.1" 200 37080
[18/Sep/2026 21:58:21] "GET /api/chat/sessions/?mode=admin HTTP/1.1" 200 244
[18/Sep/2026 21:58:25] "GET /staff/chat/poll/?session_id=16&after_id=0 HTTP/1.1" 200 37080
[18/Sep/2026 21:58:28] "GET /staff/chat/poll/?session_id=16&after_id=0 HTTP/1.1" 200 37080
[18/Sep/2026 21:58:28] "GET /api/chat/sessions/?mode=admin HTTP/1.1" 200 244
[18/Sep/2026 21:58:32] "GET /staff/chat/poll/?session_id=16&after_id=0 HTTP/1.1" 200 37080
[18/Sep/2026 21:58:35] "GET /api/chat/sessions/?mode=admin HTTP/1.1" 200 244
[18/Sep/2026 21:58:36] "GET /staff/chat/poll/?session_id=16&after_id=0 HTTP/1.1" 200 37080
[18/Sep/2026 21:58:40] "GET /staff/chat/poll/?session_id=16&after_id=0 HTTP/1.1" 200 37080
[18/Sep/2026 21:58:42] "GET /api/chat/sessions/?mode=admin HTTP/1.1" 200 244
[18/Sep/2026 21:58:44] "GET /staff/chat/poll/?session_id=16&after_id=0 HTTP/1.1" 200 37080
[18/Sep/2026 21:58:48] "GET /staff/chat/poll/?session_id=16&after_id=0 HTTP/1.1" 200 37080
[18/Sep/2026 21:58:48] "GET /api/chat/media/?session_id=16 HTTP/1.1" 200 1652
[18/Sep/2026 21:58:49] "GET /api/chat/sessions/?mode=admin HTTP/1.1" 200 244
[18/Sep/2026 21:58:52] "GET /staff/chat/poll/?session_id=16&after_id=0 HTTP/1.1" 200 37080
[18/Sep/2026 21:58:56] "GET /staff/chat/poll/?session_id=16&after_id=0 HTTP/1.1" 200 37080
[18/Sep/2026 21:58:56] "GET /api/chat/sessions/?mode=admin HTTP/1.1" 200 244
[18/Sep/2026 21:59:00] "GET /staff/chat/poll/?session_id=16&after_id=0 HTTP/1.1" 200 37080
[18/Sep/2026 21:59:03] "GET /api/chat/sessions/?mode=admin HTTP/1.1" 200 244
[18/Sep/2026 21:59:04] "GET /staff/chat/poll/?session_id=16&after_id=0 HTTP/1.1" 200 37080
[18/Sep/2026 21:59:08] "GET /staff/chat/poll/?session_id=16&after_id=0 HTTP/1.1" 200 37080
[18/Sep/2026 21:59:10] "GET /api/chat/sessions/?mode=admin HTTP/1.1" 200 244
[18/Sep/2026 21:59:12] "GET /staff/chat/poll/?session_id=16&after_id=0 HTTP/1.1" 200 37080
[18/Sep/2026 21:59:16] "GET /staff/chat/poll/?session_id=16&after_id=0 HTTP/1.1" 200 37080
[18/Sep/2026 21:59:17] "GET /api/chat/sessions/?mode=admin HTTP/1.1" 200 244
[18/Sep/2026 21:59:20] "GET /staff/chat/poll/?session_id=16&after_id=0 HTTP/1.1" 200 37080
[18/Sep/2026 21:59:25] "GET /staff/chat/poll/?session_id=16&after_id=0 HTTP/1.1" 200 37080
[18/Sep/2026 21:59:25] "GET /api/chat/sessions/?mode=admin HTTP/1.1" 200 244
[18/Sep/2026 21:59:28] "GET /staff/chat/poll/?session_id=16&after_id=0 HTTP/1.1" 200 37080
[18/Sep/2026 21:59:32] "GET /staff/chat/poll/?session_id=16&after_id=0 HTTP/1.1" 200 37080
[18/Sep/2026 21:59:36] "GET /staff/chat/poll/?session_id=16&after_id=0 HTTP/1.1" 200 37080
[18/Sep/2026 21:59:40] "GET /staff/chat/poll/?session_id=16&after_id=0 HTTP/1.1" 200 37080
[18/Sep/2026 21:59:44] "GET /staff/chat/poll/?session_id=16&after_id=0 HTTP/1.1" 200 37080
[18/Sep/2026 21:59:48] "GET /staff/chat/poll/?session_id=16&after_id=0 HTTP/1.1" 200 37080
[18/Sep/2026 21:59:52] "GET /staff/chat/poll/?session_id=16&after_id=0 HTTP/1.1" 200 37080
[18/Sep/2026 21:59:56] "GET /staff/chat/poll/?session_id=16&after_id=0 HTTP/1.1" 200 37080
[18/Sep/2026 22:00:00] "GET /staff/chat/poll/?session_id=16&after_id=0 HTTP/1.1" 200 37080
[18/Sep/2026 22:00:03] "GET /api/chat/sessions/?mode=admin HTTP/1.1" 200 244
[18/Sep/2026 22:00:04] "GET /staff/chat/poll/?session_id=16&after_id=0 HTTP/1.1" 200 37080
[18/Sep/2026 22:00:08] "GET /staff/chat/poll/?session_id=16&after_id=0 HTTP/1.1" 200 37080
[18/Sep/2026 22:00:12] "GET /staff/chat/poll/?session_id=16&after_id=0 HTTP/1.1" 200 37080
[18/Sep/2026 22:00:16] "GET /staff/chat/poll/?session_id=16&after_id=0 HTTP/1.1" 200 37080
[18/Sep/2026 22:00:20] "GET /staff/chat/poll/?session_id=16&after_id=0 HTTP/1.1" 200 37080
[18/Sep/2026 22:00:24] "GET /staff/chat/poll/?session_id=16&after_id=0 HTTP/1.1" 200 37080
[18/Sep/2026 22:00:28] "GET /staff/chat/poll/?session_id=16&after_id=0 HTTP/1.1" 200 37080
[18/Sep/2026 22:00:32] "GET /staff/chat/poll/?session_id=16&after_id=0 HTTP/1.1" 200 37080
[18/Sep/2026 22:00:36] "GET /staff/chat/poll/?session_id=16&after_id=0 HTTP/1.1" 200 37080
[18/Sep/2026 22:00:40] "GET /staff/chat/poll/?session_id=16&after_id=0 HTTP/1.1" 200 37080
[18/Sep/2026 22:00:44] "GET /staff/chat/poll/?session_id=16&after_id=0 HTTP/1.1" 200 37080
[18/Sep/2026 22:00:49] "GET /staff/chat/poll/?session_id=16&after_id=0 HTTP/1.1" 200 37080
[18/Sep/2026 22:00:52] "GET /staff/chat/poll/?session_id=16&after_id=0 HTTP/1.1" 200 37080
[18/Sep/2026 22:00:56] "GET /staff/chat/poll/?session_id=16&after_id=0 HTTP/1.1" 200 37080
[18/Sep/2026 22:01:00] "GET /staff/chat/poll/?session_id=16&after_id=0 HTTP/1.1" 200 37080
[18/Sep/2026 22:01:03] "GET /api/chat/sessions/?mode=admin HTTP/1.1" 200 244
[18/Sep/2026 22:01:04] "GET /staff/chat/poll/?session_id=16&after_id=0 HTTP/1.1" 200 37080
[18/Sep/2026 22:01:08] "GET /staff/chat/poll/?session_id=16&after_id=0 HTTP/1.1" 200 37080
[18/Sep/2026 22:01:12] "GET /staff/chat/poll/?session_id=16&after_id=0 HTTP/1.1" 200 37080
[18/Sep/2026 22:01:16] "GET /staff/chat/poll/?session_id=16&after_id=0 HTTP/1.1" 200 37080
[18/Sep/2026 22:01:20] "GET /staff/chat/poll/?session_id=16&after_id=0 HTTP/1.1" 200 37080
[18/Sep/2026 22:01:24] "GET /staff/chat/poll/?session_id=16&after_id=0 HTTP/1.1" 200 37080
[18/Sep/2026 22:01:28] "GET /staff/chat/poll/?session_id=16&after_id=0 HTTP/1.1" 200 37080
[18/Sep/2026 22:01:32] "GET /staff/chat/poll/?session_id=16&after_id=0 HTTP/1.1" 200 37080
[18/Sep/2026 22:01:35] "GET /api/chat/sessions/?mode=admin HTTP/1.1" 200 244
[18/Sep/2026 22:01:36] "GET /staff/chat/poll/?session_id=16&after_id=0 HTTP/1.1" 200 37080
[18/Sep/2026 22:01:37] "GET /api/chat/sessions/?mode=admin HTTP/1.1" 200 244
[18/Sep/2026 22:01:40] "GET /staff/chat/poll/?session_id=16&after_id=0 HTTP/1.1" 200 37080
[18/Sep/2026 22:01:44] "GET /staff/chat/poll/?session_id=16&after_id=0 HTTP/1.1" 200 37080
[18/Sep/2026 22:01:44] "GET /api/chat/sessions/?mode=admin HTTP/1.1" 200 244
[18/Sep/2026 22:01:48] "GET /staff/chat/poll/?session_id=16&after_id=0 HTTP/1.1" 200 37080
[18/Sep/2026 22:01:51] "GET /api/chat/sessions/?mode=admin HTTP/1.1" 200 244
[18/Sep/2026 22:01:52] "GET /staff/chat/poll/?session_id=16&after_id=0 HTTP/1.1" 200 37080
[18/Sep/2026 22:01:56] "GET /staff/chat/poll/?session_id=16&after_id=0 HTTP/1.1" 200 37080
[18/Sep/2026 22:01:58] "GET /api/chat/sessions/?mode=admin HTTP/1.1" 200 244
[18/Sep/2026 22:02:01] "GET /staff/chat/poll/?session_id=16&after_id=0 HTTP/1.1" 200 37080
[18/Sep/2026 22:02:04] "GET /staff/chat/poll/?session_id=16&after_id=0 HTTP/1.1" 200 37080
[18/Sep/2026 22:02:05] "GET /api/chat/sessions/?mode=admin HTTP/1.1" 200 244
[18/Sep/2026 22:02:08] "GET /staff/chat/poll/?session_id=16&after_id=0 HTTP/1.1" 200 37080
[18/Sep/2026 22:02:12] "GET /api/chat/sessions/?mode=admin HTTP/1.1" 200 244
[18/Sep/2026 22:02:13] "GET /staff/chat/poll/?session_id=16&after_id=0 HTTP/1.1" 200 37080
[18/Sep/2026 22:02:16] "GET /staff/chat/poll/?session_id=16&after_id=0 HTTP/1.1" 200 37080
[18/Sep/2026 22:02:19] "GET /api/chat/sessions/?mode=admin HTTP/1.1" 200 244
[18/Sep/2026 22:02:20] "GET /staff/chat/poll/?session_id=16&after_id=0 HTTP/1.1" 200 37080
[18/Sep/2026 22:02:24] "GET /staff/chat/poll/?session_id=16&after_id=0 HTTP/1.1" 200 37080
[18/Sep/2026 22:02:26] "GET /api/chat/sessions/?mode=admin HTTP/1.1" 200 244
[18/Sep/2026 22:02:28] "GET /staff/chat/poll/?session_id=16&after_id=0 HTTP/1.1" 200 37080
[18/Sep/2026 22:02:32] "GET /staff/chat/poll/?session_id=16&after_id=0 HTTP/1.1" 200 37080
[18/Sep/2026 22:02:33] "GET /api/chat/sessions/?mode=admin HTTP/1.1" 200 244
[18/Sep/2026 22:02:36] "GET /staff/chat/poll/?session_id=16&after_id=0 HTTP/1.1" 200 37080
[18/Sep/2026 22:02:40] "GET /staff/chat/poll/?session_id=16&after_id=0 HTTP/1.1" 200 37080
[18/Sep/2026 22:02:40] "GET /api/chat/sessions/?mode=admin HTTP/1.1" 200 244
[18/Sep/2026 22:02:44] "GET /staff/chat/poll/?session_id=16&after_id=0 HTTP/1.1" 200 37080
[18/Sep/2026 22:02:47] "GET /api/chat/sessions/?mode=admin HTTP/1.1" 200 244
[18/Sep/2026 22:02:48] "GET /staff/chat/poll/?session_id=16&after_id=0 HTTP/1.1" 200 37080
[18/Sep/2026 22:02:52] "GET /staff/chat/poll/?session_id=16&after_id=0 HTTP/1.1" 200 37080
[18/Sep/2026 22:02:54] "GET /api/chat/sessions/?mode=admin HTTP/1.1" 200 244
[18/Sep/2026 22:02:56] "GET /staff/chat/poll/?session_id=16&after_id=0 HTTP/1.1" 200 37080
[18/Sep/2026 22:03:00] "GET /staff/chat/poll/?session_id=16&after_id=0 HTTP/1.1" 200 37080
[18/Sep/2026 22:03:01] "GET /api/chat/sessions/?mode=admin HTTP/1.1" 200 244
[18/Sep/2026 22:03:04] "GET /staff/chat/poll/?session_id=16&after_id=0 HTTP/1.1" 200 37080
[18/Sep/2026 22:03:09] "GET /api/chat/sessions/?mode=admin HTTP/1.1" 200 244
[18/Sep/2026 22:03:09] "GET /staff/chat/poll/?session_id=16&after_id=0 HTTP/1.1" 200 37080
[18/Sep/2026 22:03:12] "GET /staff/chat/poll/?session_id=16&after_id=0 HTTP/1.1" 200 37080
[18/Sep/2026 22:03:15] "GET /api/chat/sessions/?mode=admin HTTP/1.1" 200 244
[18/Sep/2026 22:03:16] "GET /staff/chat/poll/?session_id=16&after_id=0 HTTP/1.1" 200 37080
[18/Sep/2026 22:03:20] "GET /staff/chat/poll/?session_id=16&after_id=0 HTTP/1.1" 200 37080
[18/Sep/2026 22:03:22] "GET /api/chat/sessions/?mode=admin HTTP/1.1" 200 244
[18/Sep/2026 22:03:24] "GET /staff/chat/poll/?session_id=16&after_id=0 HTTP/1.1" 200 37080
[18/Sep/2026 22:03:28] "GET /staff/chat/poll/?session_id=16&after_id=0 HTTP/1.1" 200 37080
[18/Sep/2026 22:03:29] "GET /api/chat/sessions/?mode=admin HTTP/1.1" 200 244
[18/Sep/2026 22:03:30] "GET /staff/chat/ HTTP/1.1" 200 116587
[18/Sep/2026 22:03:30] "GET /static/css/admin_chat.css?v=20260918c HTTP/1.1" 304 0
[18/Sep/2026 22:03:36] "GET /api/chat/sessions/?mode=admin HTTP/1.1" 200 244
[18/Sep/2026 22:03:40] "GET /api/staff/chat/unread/ HTTP/1.1" 200 39
[18/Sep/2026 22:03:42] "GET /staff/chat/16/ HTTP/1.1" 200 401215
[18/Sep/2026 22:03:42] "GET /static/css/admin_chat.css?v=20260919c HTTP/1.1" 304 0
[18/Sep/2026 22:03:42] "GET /staff/chat/poll/?session_id=16&after_id=0 HTTP/1.1" 200 37080
[18/Sep/2026 22:03:43] "GET /api/chat/sessions/?mode=admin HTTP/1.1" 200 244
[18/Sep/2026 22:03:44] "GET /api/chat/media/?session_id=16 HTTP/1.1" 200 1652
[18/Sep/2026 22:03:46] "GET /staff/chat/poll/?session_id=16&after_id=0 HTTP/1.1" 200 37080
[18/Sep/2026 22:03:48] "GET /staff/chat/ HTTP/1.1" 200 116587
[18/Sep/2026 22:03:49] "GET /staff/chat/16/ HTTP/1.1" 200 401215
[18/Sep/2026 22:03:49] "GET /staff/chat/poll/?session_id=16&after_id=0 HTTP/1.1" 200 37080
[18/Sep/2026 22:03:50] "GET /api/chat/sessions/?mode=admin HTTP/1.1" 200 244
[18/Sep/2026 22:03:53] "POST /api/chat/typing-ping/ HTTP/1.1" 200 17
[18/Sep/2026 22:03:53] "GET /staff/chat/poll/?session_id=16&after_id=0 HTTP/1.1" 200 37080
[18/Sep/2026 22:03:54] "POST /staff/chat/16/ HTTP/1.1" 302 0
[18/Sep/2026 22:03:54] "GET /staff/chat/16/ HTTP/1.1" 200 404572
[18/Sep/2026 22:03:54] "GET /staff/chat/poll/?session_id=16&after_id=0 HTTP/1.1" 200 37474
[18/Sep/2026 22:03:57] "GET /api/chat/sessions/?mode=admin HTTP/1.1" 200 244
[18/Sep/2026 22:03:58] "GET /staff/chat/poll/?session_id=16&after_id=0 HTTP/1.1" 200 37481
[18/Sep/2026 22:03:59] "GET /api/chat/history/?session_id=16 HTTP/1.1" 200 23326
[18/Sep/2026 22:03:59] "POST /api/chat/mark-read/ HTTP/1.1" 200 17
[18/Sep/2026 22:04:03] "GET /staff/chat/poll/?session_id=16&after_id=0 HTTP/1.1" 200 37487
[18/Sep/2026 22:04:05] "GET /api/chat/history/?session_id=16 HTTP/1.1" 200 23334
[18/Sep/2026 22:04:05] "POST /api/chat/mark-read/ HTTP/1.1" 200 17
[18/Sep/2026 22:04:06] "GET /staff/chat/poll/?session_id=16&after_id=0 HTTP/1.1" 200 37487
[18/Sep/2026 22:04:10] "GET /staff/chat/16/ HTTP/1.1" 200 404580
[18/Sep/2026 22:04:10] "GET /staff/chat/poll/?session_id=16&after_id=0 HTTP/1.1" 200 37487
[18/Sep/2026 22:04:11] "GET /api/chat/history/?session_id=16 HTTP/1.1" 200 23334
[18/Sep/2026 22:04:12] "POST /api/chat/mark-read/ HTTP/1.1" 200 17
[18/Sep/2026 22:04:14] "GET /staff/chat/poll/?session_id=16&after_id=0 HTTP/1.1" 200 37487
[18/Sep/2026 22:04:18] "GET /staff/chat/poll/?session_id=16&after_id=0 HTTP/1.1" 200 37487
[18/Sep/2026 22:04:19] "GET /api/chat/history/?session_id=16 HTTP/1.1" 200 23334
[18/Sep/2026 22:04:19] "POST /api/chat/mark-read/ HTTP/1.1" 200 17
[18/Sep/2026 22:04:22] "GET /staff/chat/poll/?session_id=16&after_id=0 HTTP/1.1" 200 37487
[18/Sep/2026 22:04:25] "GET /api/chat/history/?session_id=16 HTTP/1.1" 200 23334
[18/Sep/2026 22:04:26] "POST /api/chat/mark-read/ HTTP/1.1" 200 17
[18/Sep/2026 22:04:27] "GET /staff/chat/poll/?session_id=16&after_id=0 HTTP/1.1" 200 37487
[18/Sep/2026 22:04:31] "GET /staff/chat/poll/?session_id=16&after_id=0 HTTP/1.1" 200 37487
[18/Sep/2026 22:04:33] "GET /api/chat/history/?session_id=16 HTTP/1.1" 200 23334
[18/Sep/2026 22:04:33] "POST /api/chat/mark-read/ HTTP/1.1" 200 17
[18/Sep/2026 22:04:34] "GET /staff/chat/poll/?session_id=16&after_id=0 HTTP/1.1" 200 37487
[18/Sep/2026 22:04:38] "GET /staff/chat/poll/?session_id=16&after_id=0 HTTP/1.1" 200 37487
[18/Sep/2026 22:04:40] "GET /api/chat/history/?session_id=16 HTTP/1.1" 200 23334
[18/Sep/2026 22:04:40] "POST /api/chat/mark-read/ HTTP/1.1" 200 17
[18/Sep/2026 22:04:43] "GET /staff/chat/poll/?session_id=16&after_id=0 HTTP/1.1" 200 37487
[18/Sep/2026 22:04:47] "GET /staff/chat/poll/?session_id=16&after_id=0 HTTP/1.1" 200 37487
[18/Sep/2026 22:04:47] "GET /api/chat/history/?session_id=16 HTTP/1.1" 200 23334
[18/Sep/2026 22:04:47] "POST /api/chat/mark-read/ HTTP/1.1" 200 17
[18/Sep/2026 22:04:50] "GET /staff/chat/poll/?session_id=16&after_id=0 HTTP/1.1" 200 37487
[18/Sep/2026 22:04:54] "GET /api/chat/history/?session_id=16 HTTP/1.1" 200 23334
[18/Sep/2026 22:04:54] "POST /api/chat/mark-read/ HTTP/1.1" 200 17
[18/Sep/2026 22:04:55] "GET /staff/chat/poll/?session_id=16&after_id=0 HTTP/1.1" 200 37487
[18/Sep/2026 22:04:58] "GET /staff/chat/poll/?session_id=16&after_id=0 HTTP/1.1" 200 37487
[18/Sep/2026 22:05:01] "GET /api/chat/history/?session_id=16 HTTP/1.1" 200 23334
[18/Sep/2026 22:05:01] "POST /api/chat/mark-read/ HTTP/1.1" 200 17
[18/Sep/2026 22:05:03] "GET /staff/chat/poll/?session_id=16&after_id=0 HTTP/1.1" 200 37487
[18/Sep/2026 22:05:07] "GET /staff/chat/poll/?session_id=16&after_id=0 HTTP/1.1" 200 37487
[18/Sep/2026 22:05:08] "GET /api/chat/history/?session_id=16 HTTP/1.1" 200 23334
[18/Sep/2026 22:05:08] "POST /api/chat/mark-read/ HTTP/1.1" 200 17
[18/Sep/2026 22:05:10] "GET /staff/chat/poll/?session_id=16&after_id=0 HTTP/1.1" 200 37487
[18/Sep/2026 22:05:15] "GET /staff/chat/poll/?session_id=16&after_id=0 HTTP/1.1" 200 37487
[18/Sep/2026 22:05:15] "GET /api/chat/history/?session_id=16 HTTP/1.1" 200 23334
[18/Sep/2026 22:05:15] "POST /api/chat/mark-read/ HTTP/1.1" 200 17
[18/Sep/2026 22:05:19] "GET /staff/chat/poll/?session_id=16&after_id=0 HTTP/1.1" 200 37487
[18/Sep/2026 22:05:22] "GET /api/chat/history/?session_id=16 HTTP/1.1" 200 23334
[18/Sep/2026 22:05:22] "POST /api/chat/mark-read/ HTTP/1.1" 200 17
[18/Sep/2026 22:05:23] "GET /staff/chat/poll/?session_id=16&after_id=0 HTTP/1.1" 200 37487
[18/Sep/2026 22:05:27] "GET /staff/chat/poll/?session_id=16&after_id=0 HTTP/1.1" 200 37487
[18/Sep/2026 22:05:31] "GET /staff/chat/poll/?session_id=16&after_id=0 HTTP/1.1" 200 37487
[18/Sep/2026 22:06:04] "GET /staff/chat/poll/?session_id=16&after_id=0 HTTP/1.1" 200 37487
[18/Sep/2026 22:06:04] "GET /api/chat/history/?session_id=16 HTTP/1.1" 200 23334
[18/Sep/2026 22:06:04] "POST /api/chat/mark-read/ HTTP/1.1" 200 17
[18/Sep/2026 22:06:06] "GET /staff/chat/poll/?session_id=16&after_id=0 HTTP/1.1" 200 37487
[18/Sep/2026 22:06:10] "GET /staff/chat/poll/?session_id=16&after_id=0 HTTP/1.1" 200 37487
[18/Sep/2026 22:06:14] "GET /staff/chat/poll/?session_id=16&after_id=0 HTTP/1.1" 200 37487
[18/Sep/2026 22:06:18] "GET /staff/chat/poll/?session_id=16&after_id=0 HTTP/1.1" 200 37487
[18/Sep/2026 22:06:22] "GET /staff/chat/poll/?session_id=16&after_id=0 HTTP/1.1" 200 37487
[18/Sep/2026 22:06:27] "GET /staff/chat/poll/?session_id=16&after_id=0 HTTP/1.1" 200 37487
[18/Sep/2026 22:06:30] "GET /staff/chat/poll/?session_id=16&after_id=0 HTTP/1.1" 200 37487
[18/Sep/2026 22:06:34] "GET /staff/chat/poll/?session_id=16&after_id=0 HTTP/1.1" 200 37487
[18/Sep/2026 22:06:38] "GET /staff/chat/poll/?session_id=16&after_id=0 HTTP/1.1" 200 37487
[18/Sep/2026 22:06:42] "GET /staff/chat/poll/?session_id=16&after_id=0 HTTP/1.1" 200 37487
[18/Sep/2026 22:06:46] "GET /staff/chat/poll/?session_id=16&after_id=0 HTTP/1.1" 200 37487
[18/Sep/2026 22:06:50] "GET /staff/chat/poll/?session_id=16&after_id=0 HTTP/1.1" 200 37487
[18/Sep/2026 22:06:54] "GET /staff/chat/poll/?session_id=16&after_id=0 HTTP/1.1" 200 37487
[18/Sep/2026 22:06:58] "GET /staff/chat/poll/?session_id=16&after_id=0 HTTP/1.1" 200 37487
[18/Sep/2026 22:07:02] "GET /staff/chat/poll/?session_id=16&after_id=0 HTTP/1.1" 200 37487
[18/Sep/2026 22:07:04] "GET /api/chat/history/?session_id=16 HTTP/1.1" 200 23334
[18/Sep/2026 22:07:04] "POST /api/chat/mark-read/ HTTP/1.1" 200 17
[18/Sep/2026 22:07:06] "GET /staff/chat/poll/?session_id=16&after_id=0 HTTP/1.1" 200 37487
[18/Sep/2026 22:07:10] "GET /staff/chat/poll/?session_id=16&after_id=0 HTTP/1.1" 200 37487
[18/Sep/2026 22:07:14] "GET /staff/chat/poll/?session_id=16&after_id=0 HTTP/1.1" 200 37487
[18/Sep/2026 22:07:18] "GET /staff/chat/poll/?session_id=16&after_id=0 HTTP/1.1" 200 37487
[18/Sep/2026 22:07:22] "GET /staff/chat/poll/?session_id=16&after_id=0 HTTP/1.1" 200 37487
[18/Sep/2026 22:07:26] "GET /staff/chat/poll/?session_id=16&after_id=0 HTTP/1.1" 200 37487
[18/Sep/2026 22:07:30] "GET /staff/chat/poll/?session_id=16&after_id=0 HTTP/1.1" 200 37487
[18/Sep/2026 22:07:34] "GET /staff/chat/poll/?session_id=16&after_id=0 HTTP/1.1" 200 37487
[18/Sep/2026 22:07:38] "GET /staff/chat/poll/?session_id=16&after_id=0 HTTP/1.1" 200 37487
[18/Sep/2026 22:07:42] "GET /staff/chat/poll/?session_id=16&after_id=0 HTTP/1.1" 200 37487
[18/Sep/2026 22:07:46] "GET /staff/chat/poll/?session_id=16&after_id=0 HTTP/1.1" 200 37487
[18/Sep/2026 22:07:47] "GET /api/chat/history/?session_id=16 HTTP/1.1" 200 23334
[18/Sep/2026 22:07:47] "POST /api/chat/mark-read/ HTTP/1.1" 200 17
[18/Sep/2026 22:07:49] "GET /api/chat/history/?session_id=16 HTTP/1.1" 200 23334
[18/Sep/2026 22:07:49] "POST /api/chat/mark-read/ HTTP/1.1" 200 17
[18/Sep/2026 22:07:51] "GET /staff/chat/poll/?session_id=16&after_id=0 HTTP/1.1" 200 37487
[18/Sep/2026 22:07:52] "GET /api/chat/media/?session_id=16 HTTP/1.1" 200 1652
[18/Sep/2026 22:07:55] "GET /staff/chat/poll/?session_id=16&after_id=0 HTTP/1.1" 200 37487
[18/Sep/2026 22:07:56] "GET /api/chat/history/?session_id=16 HTTP/1.1" 200 23334
[18/Sep/2026 22:07:56] "POST /api/chat/mark-read/ HTTP/1.1" 200 17
[18/Sep/2026 22:07:59] "GET /staff/chat/poll/?session_id=16&after_id=0 HTTP/1.1" 200 37487
[18/Sep/2026 22:08:03] "GET /staff/chat/poll/?session_id=16&after_id=0 HTTP/1.1" 200 37487
[18/Sep/2026 22:08:03] "GET /api/chat/history/?session_id=16 HTTP/1.1" 200 23334
[18/Sep/2026 22:08:03] "POST /api/chat/mark-read/ HTTP/1.1" 200 17
[18/Sep/2026 22:08:06] "GET /staff/chat/poll/?session_id=16&after_id=0 HTTP/1.1" 200 37487
[18/Sep/2026 22:08:10] "GET /api/chat/history/?session_id=16 HTTP/1.1" 200 23334
[18/Sep/2026 22:08:10] "POST /api/chat/mark-read/ HTTP/1.1" 200 17
[18/Sep/2026 22:08:10] "GET /staff/chat/poll/?session_id=16&after_id=0 HTTP/1.1" 200 37487
[18/Sep/2026 22:08:15] "GET /staff/chat/poll/?session_id=16&after_id=0 HTTP/1.1" 200 37487
[18/Sep/2026 22:08:17] "GET /api/chat/history/?session_id=16 HTTP/1.1" 200 23334
[18/Sep/2026 22:08:17] "POST /api/chat/mark-read/ HTTP/1.1" 200 17
[18/Sep/2026 22:08:19] "GET /staff/chat/poll/?session_id=16&after_id=0 HTTP/1.1" 200 37487
[18/Sep/2026 22:08:23] "GET /staff/chat/poll/?session_id=16&after_id=0 HTTP/1.1" 200 37487
[18/Sep/2026 22:08:24] "GET /api/chat/history/?session_id=16 HTTP/1.1" 200 23334
[18/Sep/2026 22:08:24] "POST /api/chat/mark-read/ HTTP/1.1" 200 17
[18/Sep/2026 22:08:26] "GET /staff/chat/poll/?session_id=16&after_id=0 HTTP/1.1" 200 37487
[18/Sep/2026 22:08:29] "GET /api/chat/sessions/ HTTP/1.1" 200 205
[18/Sep/2026 22:08:29] "GET /api/chat/history/?session_id=25 HTTP/1.1" 200 3288
[18/Sep/2026 22:08:29] "GET /media/ai_generated/design_20260915115734834806_9191de4b51ea.png HTTP/1.1" 304 0
[18/Sep/2026 22:08:30] "GET /api/chat/sessions/?mode=admin HTTP/1.1" 200 244
[18/Sep/2026 22:08:30] "GET /staff/chat/poll/?session_id=16&after_id=0 HTTP/1.1" 200 37487
[18/Sep/2026 22:08:35] "GET /staff/chat/poll/?session_id=16&after_id=0 HTTP/1.1" 200 37487
[18/Sep/2026 22:08:37] "GET /api/chat/sessions/?mode=admin HTTP/1.1" 200 244
[18/Sep/2026 22:08:39] "GET /staff/chat/poll/?session_id=16&after_id=0 HTTP/1.1" 200 37487
[18/Sep/2026 22:08:42] "GET /staff/chat/poll/?session_id=16&after_id=0 HTTP/1.1" 200 37487
[18/Sep/2026 22:08:44] "GET /api/chat/sessions/?mode=admin HTTP/1.1" 200 244
[18/Sep/2026 22:08:47] "GET /staff/chat/poll/?session_id=16&after_id=0 HTTP/1.1" 200 37487
[18/Sep/2026 22:08:51] "GET /api/chat/sessions/?mode=admin HTTP/1.1" 200 244
[18/Sep/2026 22:08:58] "GET /api/chat/sessions/?mode=admin HTTP/1.1" 200 244
[18/Sep/2026 22:09:04] "GET /staff/chat/poll/?session_id=16&after_id=0 HTTP/1.1" 200 37487
[18/Sep/2026 22:09:05] "GET /api/chat/sessions/?mode=admin HTTP/1.1" 200 244
[18/Sep/2026 22:09:12] "GET /api/chat/sessions/?mode=admin HTTP/1.1" 200 244
[18/Sep/2026 22:09:19] "GET /api/chat/sessions/?mode=admin HTTP/1.1" 200 244
[18/Sep/2026 22:09:26] "GET /api/chat/sessions/?mode=admin HTTP/1.1" 200 244
[18/Sep/2026 22:09:33] "GET /api/chat/sessions/?mode=admin HTTP/1.1" 200 244
[18/Sep/2026 22:09:40] "GET /api/chat/sessions/?mode=admin HTTP/1.1" 200 244
[18/Sep/2026 22:09:47] "GET /api/chat/sessions/?mode=admin HTTP/1.1" 200 244
[18/Sep/2026 22:09:54] "GET /api/chat/sessions/?mode=admin HTTP/1.1" 200 244
[18/Sep/2026 22:10:04] "GET /api/chat/sessions/?mode=admin HTTP/1.1" 200 244
[18/Sep/2026 22:10:04] "GET /staff/chat/poll/?session_id=16&after_id=0 HTTP/1.1" 200 37488
[18/Sep/2026 22:11:04] "GET /staff/chat/poll/?session_id=16&after_id=0 HTTP/1.1" 200 37488
[18/Sep/2026 22:11:04] "GET /api/chat/sessions/?mode=admin HTTP/1.1" 200 244
[18/Sep/2026 22:12:03] "GET /api/chat/sessions/?mode=admin HTTP/1.1" 200 244
[18/Sep/2026 22:12:03] "GET /staff/chat/poll/?session_id=16&after_id=0 HTTP/1.1" 200 37488
[18/Sep/2026 22:13:03] "GET /api/chat/sessions/?mode=admin HTTP/1.1" 200 244
[18/Sep/2026 22:13:03] "GET /staff/chat/poll/?session_id=16&after_id=0 HTTP/1.1" 200 37488
[18/Sep/2026 22:14:04] "GET /api/chat/sessions/?mode=admin HTTP/1.1" 200 244
[18/Sep/2026 22:14:04] "GET /staff/chat/poll/?session_id=16&after_id=0 HTTP/1.1" 200 37488
[18/Sep/2026 22:14:34] "GET /api/chat/sessions/?mode=admin HTTP/1.1" 200 244
[18/Sep/2026 22:14:41] "GET /api/chat/sessions/?mode=admin HTTP/1.1" 200 244
[18/Sep/2026 22:14:48] "GET /api/chat/sessions/?mode=admin HTTP/1.1" 200 244
[18/Sep/2026 22:14:55] "GET /api/chat/sessions/?mode=admin HTTP/1.1" 200 244
[18/Sep/2026 22:14:59] "GET /booking/12/payment/ HTTP/1.1" 200 145999
[18/Sep/2026 22:14:59] "GET /static/js/client_admin_chat_widget.js?v=20260919b HTTP/1.1" 304 0
[18/Sep/2026 22:14:59] "GET /static/css/client_admin_chat_widget.css?v=20260919c HTTP/1.1" 200 44652
[18/Sep/2026 22:14:59] "GET /static/css/client_payment.css?v=20260918c HTTP/1.1" 200 73452
[18/Sep/2026 22:14:59] "GET /api/chat/sessions/?mode=admin HTTP/1.1" 200 244
[18/Sep/2026 22:14:59] "GET /api/chat/history/?session_id=16 HTTP/1.1" 200 23334
[18/Sep/2026 22:15:03] "GET /staff/chat/poll/?session_id=16&after_id=0 HTTP/1.1" 200 37487
[18/Sep/2026 22:15:06] "GET /api/chat/sessions/?mode=admin HTTP/1.1" 200 244
[18/Sep/2026 22:15:10] "GET /my-payments/ HTTP/1.1" 200 200611
[18/Sep/2026 22:15:10] "GET /api/chat/sessions/?mode=admin HTTP/1.1" 200 244
[18/Sep/2026 22:15:10] "GET /api/chat/history/?session_id=16 HTTP/1.1" 200 23334
[18/Sep/2026 22:15:17] "GET /api/chat/sessions/?mode=admin HTTP/1.1" 200 244
[18/Sep/2026 22:15:24] "GET /api/chat/sessions/?mode=admin HTTP/1.1" 200 244
[18/Sep/2026 22:15:31] "GET /api/chat/sessions/?mode=admin HTTP/1.1" 200 244
[18/Sep/2026 22:15:36] "GET / HTTP/1.1" 200 156558
[18/Sep/2026 22:15:36] "GET /static/css/client_admin_chat_widget.css?v=20260919c HTTP/1.1" 304 0
[18/Sep/2026 22:15:36] "GET /api/chat/sessions/?mode=admin HTTP/1.1" 200 244
[18/Sep/2026 22:15:36] "GET /api/chat/history/?session_id=16 HTTP/1.1" 200 23334
[18/Sep/2026 22:15:43] "GET /api/chat/sessions/?mode=admin HTTP/1.1" 200 244
[18/Sep/2026 22:15:50] "GET /media/gallery/images_1.jpe HTTP/1.1" 304 0
[18/Sep/2026 22:15:50] "GET /media/gallery/images_1_2rY4oTe.jpe HTTP/1.1" 304 0
[18/Sep/2026 22:15:50] "GET /media/gallery/images_2.jpe HTTP/1.1" 304 0
[18/Sep/2026 22:15:50] "GET /api/chat/sessions/?mode=admin HTTP/1.1" 200 244
[18/Sep/2026 22:15:50] "GET /media/gallery/r1_6K7a4Ka.png HTTP/1.1" 304 0
[18/Sep/2026 22:15:50] "GET /media/gallery/r1_OgCYlTU.png HTTP/1.1" 304 0
[18/Sep/2026 22:15:50] "GET /media/gallery/r1_XpyolpL.png HTTP/1.1" 304 0
[18/Sep/2026 22:15:57] "GET /api/chat/sessions/?mode=admin HTTP/1.1" 200 244
[18/Sep/2026 22:16:02] "GET /my-designs/ HTTP/1.1" 200 179652
[18/Sep/2026 22:16:02] "GET /api/chat/sessions/?mode=admin HTTP/1.1" 200 244
[18/Sep/2026 22:16:03] "GET /api/chat/history/?session_id=16 HTTP/1.1" 200 23334
[18/Sep/2026 22:16:03] "GET /staff/chat/poll/?session_id=16&after_id=0 HTTP/1.1" 200 37487
[18/Sep/2026 22:16:09] "GET /api/chat/sessions/?mode=admin HTTP/1.1" 200 244
[18/Sep/2026 22:16:11] "POST /notifications/clear-all/ HTTP/1.1" 200 21
[18/Sep/2026 22:16:16] "GET /api/chat/sessions/?mode=admin HTTP/1.1" 200 244
[18/Sep/2026 22:16:20] "GET /report-concern/ HTTP/1.1" 200 156831
[18/Sep/2026 22:16:20] "GET /static/css/client_admin_chat_widget.css?v=20260919c HTTP/1.1" 304 0
[18/Sep/2026 22:16:20] "GET /static/css/report_concern.css?v=20260913e HTTP/1.1" 304 0
[18/Sep/2026 22:16:20] "GET /api/chat/sessions/?mode=admin HTTP/1.1" 200 244
[18/Sep/2026 22:16:20] "GET /api/chat/history/?session_id=16 HTTP/1.1" 200 23334
[18/Sep/2026 22:16:22] "GET /media/concern_images/images_1_0AD5rJU.jpe HTTP/1.1" 304 0
[18/Sep/2026 22:16:27] "GET /api/chat/sessions/?mode=admin HTTP/1.1" 200 244
[18/Sep/2026 22:16:34] "GET /api/chat/sessions/?mode=admin HTTP/1.1" 200 244
[18/Sep/2026 22:16:41] "GET /api/chat/sessions/?mode=admin HTTP/1.1" 200 244
[18/Sep/2026 22:16:48] "GET /api/chat/sessions/?mode=admin HTTP/1.1" 200 244
[18/Sep/2026 22:16:55] "GET /api/chat/sessions/?mode=admin HTTP/1.1" 200 244
[18/Sep/2026 22:17:02] "GET /api/chat/sessions/?mode=admin HTTP/1.1" 200 244
[18/Sep/2026 22:17:04] "GET /staff/chat/poll/?session_id=16&after_id=0 HTTP/1.1" 200 37487
[18/Sep/2026 22:17:09] "GET /api/chat/sessions/?mode=admin HTTP/1.1" 200 244
[18/Sep/2026 22:17:16] "GET /api/chat/sessions/?mode=admin HTTP/1.1" 200 244
[18/Sep/2026 22:17:23] "GET /api/chat/sessions/?mode=admin HTTP/1.1" 200 244
[18/Sep/2026 22:17:30] "GET /api/chat/sessions/?mode=admin HTTP/1.1" 200 244
[18/Sep/2026 22:18:04] "GET /api/chat/sessions/?mode=admin HTTP/1.1" 200 244
[18/Sep/2026 22:18:04] "GET /staff/chat/poll/?session_id=16&after_id=0 HTTP/1.1" 200 37488
[18/Sep/2026 22:19:03] "GET /api/chat/sessions/?mode=admin HTTP/1.1" 200 244
[18/Sep/2026 22:19:03] "GET /staff/chat/poll/?session_id=16&after_id=0 HTTP/1.1" 200 37488
[18/Sep/2026 22:20:04] "GET /api/chat/sessions/?mode=admin HTTP/1.1" 200 244
[18/Sep/2026 22:20:04] "GET /staff/chat/poll/?session_id=16&after_id=0 HTTP/1.1" 200 37488
[18/Sep/2026 22:21:04] "GET /api/chat/sessions/?mode=admin HTTP/1.1" 200 244
[18/Sep/2026 22:21:04] "GET /staff/chat/poll/?session_id=16&after_id=0 HTTP/1.1" 200 37488
[18/Sep/2026 22:22:04] "GET /api/chat/sessions/?mode=admin HTTP/1.1" 200 244
[18/Sep/2026 22:22:04] "GET /staff/chat/poll/?session_id=16&after_id=0 HTTP/1.1" 200 37488
[18/Sep/2026 22:23:03] "GET /api/chat/sessions/?mode=admin HTTP/1.1" 200 244
[18/Sep/2026 22:23:03] "GET /staff/chat/poll/?session_id=16&after_id=0 HTTP/1.1" 200 37488
[18/Sep/2026 22:24:03] "GET /api/chat/sessions/?mode=admin HTTP/1.1" 200 244
[18/Sep/2026 22:24:03] "GET /staff/chat/poll/?session_id=16&after_id=0 HTTP/1.1" 200 37488
[18/Sep/2026 22:24:07] "GET /my-designs/ HTTP/1.1" 200 180304
[18/Sep/2026 22:24:07] "GET /static/js/client_admin_chat_widget.js?v=20260919b HTTP/1.1" 304 0
[18/Sep/2026 22:24:07] "GET /static/css/client_admin_chat_widget.css?v=20260919c HTTP/1.1" 200 44734
[18/Sep/2026 22:24:07] "GET /api/chat/sessions/?mode=admin HTTP/1.1" 200 244
[18/Sep/2026 22:24:07] "GET /api/chat/history/?session_id=16 HTTP/1.1" 200 23334
[18/Sep/2026 22:24:14] "GET /api/chat/sessions/?mode=admin HTTP/1.1" 200 244
[18/Sep/2026 22:24:21] "GET /api/chat/sessions/?mode=admin HTTP/1.1" 200 244
[18/Sep/2026 22:24:21] "GET /my-payments/ HTTP/1.1" 200 201263
[18/Sep/2026 22:24:21] "GET /static/css/client_admin_chat_widget.css?v=20260919c HTTP/1.1" 304 0
[18/Sep/2026 22:24:21] "GET /api/chat/sessions/?mode=admin HTTP/1.1" 200 244
[18/Sep/2026 22:24:21] "GET /api/chat/history/?session_id=16 HTTP/1.1" 200 23334
[18/Sep/2026 22:24:28] "GET /api/chat/sessions/?mode=admin HTTP/1.1" 200 244
[18/Sep/2026 22:24:35] "GET /api/chat/sessions/?mode=admin HTTP/1.1" 200 244
[18/Sep/2026 22:24:42] "GET /api/chat/sessions/?mode=admin HTTP/1.1" 200 244
[18/Sep/2026 22:24:49] "GET /api/chat/sessions/?mode=admin HTTP/1.1" 200 244
[18/Sep/2026 22:24:56] "GET /api/chat/sessions/?mode=admin HTTP/1.1" 200 244
[18/Sep/2026 22:25:03] "GET /api/chat/sessions/?mode=admin HTTP/1.1" 200 244
[18/Sep/2026 22:25:04] "GET /staff/chat/poll/?session_id=16&after_id=0 HTTP/1.1" 200 37487
[18/Sep/2026 22:25:10] "GET /api/chat/sessions/?mode=admin HTTP/1.1" 200 244
[18/Sep/2026 22:25:17] "GET /api/chat/sessions/?mode=admin HTTP/1.1" 200 244
[18/Sep/2026 22:25:24] "GET /api/chat/sessions/?mode=admin HTTP/1.1" 200 244
[18/Sep/2026 22:25:31] "GET /api/chat/sessions/?mode=admin HTTP/1.1" 200 244
[18/Sep/2026 22:25:38] "GET /api/chat/sessions/?mode=admin HTTP/1.1" 200 244
[18/Sep/2026 22:25:45] "GET /api/chat/sessions/?mode=admin HTTP/1.1" 200 244
[18/Sep/2026 22:25:52] "GET /api/chat/sessions/?mode=admin HTTP/1.1" 200 244
[18/Sep/2026 22:25:59] "GET /api/chat/sessions/?mode=admin HTTP/1.1" 200 244
[18/Sep/2026 22:26:04] "GET /staff/chat/poll/?session_id=16&after_id=0 HTTP/1.1" 200 37488
[18/Sep/2026 22:26:06] "GET /api/chat/sessions/?mode=admin HTTP/1.1" 200 244
[18/Sep/2026 22:26:13] "GET /api/chat/sessions/?mode=admin HTTP/1.1" 200 244
[18/Sep/2026 22:26:20] "GET /api/chat/sessions/?mode=admin HTTP/1.1" 200 244
[18/Sep/2026 22:26:27] "GET /api/chat/sessions/?mode=admin HTTP/1.1" 200 244
[18/Sep/2026 22:26:34] "GET /staff/chat/poll/?session_id=16&after_id=0 HTTP/1.1" 200 37488
[18/Sep/2026 22:26:34] "GET /staff/chat/poll/?session_id=16&after_id=0 HTTP/1.1" 200 37488
[18/Sep/2026 22:26:34] "GET /api/chat/sessions/?mode=admin HTTP/1.1" 200 244
[18/Sep/2026 22:26:35] "GET /staff/chat/16/ HTTP/1.1" 200 406164
[18/Sep/2026 22:26:35] "GET /static/css/admin_base.css?v=20260916h HTTP/1.1" 200 33531
[18/Sep/2026 22:26:35] "GET /static/css/admin_chat.css?v=20260919d HTTP/1.1" 200 101990
[18/Sep/2026 22:26:35] "GET /static/js/theme-toggle.js HTTP/1.1" 200 8540
[18/Sep/2026 22:26:35] "GET /static/css/admin_light_mode.css?v=20260917d HTTP/1.1" 200 35726
[18/Sep/2026 22:26:35] "GET /static/images/BalloorinaLogo1.png HTTP/1.1" 200 82825
[18/Sep/2026 22:26:35] "GET /media/chat_attachments/2026/09/r4_4aQstmW.png HTTP/1.1" 200 70427
Not Found: /favicon.ico
[18/Sep/2026 22:26:35] "GET /favicon.ico HTTP/1.1" 404 34940
[18/Sep/2026 22:26:35] "GET /staff/chat/poll/?session_id=16&after_id=0 HTTP/1.1" 200 37488
[18/Sep/2026 22:26:35] "GET /media/chat_attachments/2026/09/Gemini_Generated_Image_q295icq295icq295.png HTTP/1.1" 200 1663308
[18/Sep/2026 22:26:37] "GET /api/chat/media/?session_id=16 HTTP/1.1" 200 1652
[18/Sep/2026 22:26:37] "GET /media/chat_attachments/2026/09/r2.png HTTP/1.1" 200 69770
[18/Sep/2026 22:26:37] "GET /media/chat_attachments/2026/09/r4.png HTTP/1.1" 200 70427
[18/Sep/2026 22:26:37] "GET /media/chat_attachments/2026/09/r3.png HTTP/1.1" 200 69433
[18/Sep/2026 22:26:37] "GET /media/chat_attachments/2026/09/r1_KBXUmhF.png HTTP/1.1" 200 70615
[18/Sep/2026 22:26:37] "GET /media/chat_attachments/2026/09/r2_sM1605a.png HTTP/1.1" 200 69770
[18/Sep/2026 22:26:37] "GET /media/chat_attachments/2026/09/r1.png HTTP/1.1" 200 70615
[18/Sep/2026 22:26:37] "GET /media/chat_attachments/2026/09/Screenshot_2026-06-28_190534.png HTTP/1.1" 200 211
[18/Sep/2026 22:26:37] "GET /media/chat_attachments/2026/09/Screenshot_3.png HTTP/1.1" 200 237911
[18/Sep/2026 22:26:39] "GET /staff/chat/poll/?session_id=16&after_id=0 HTTP/1.1" 200 37488
[18/Sep/2026 22:26:41] "GET /api/chat/sessions/?mode=admin HTTP/1.1" 200 244
[18/Sep/2026 22:26:43] "GET /staff/chat/poll/?session_id=16&after_id=0 HTTP/1.1" 200 37488
[18/Sep/2026 22:26:47] "GET /staff/chat/poll/?session_id=16&after_id=0 HTTP/1.1" 200 37488
[18/Sep/2026 22:26:48] "GET /api/chat/sessions/?mode=admin HTTP/1.1" 200 244
[18/Sep/2026 22:26:51] "GET /staff/chat/poll/?session_id=16&after_id=0 HTTP/1.1" 200 37488
[18/Sep/2026 22:26:55] "GET /staff/chat/poll/?session_id=16&after_id=0 HTTP/1.1" 200 37488
[18/Sep/2026 22:26:55] "GET /api/chat/sessions/?mode=admin HTTP/1.1" 200 244
[18/Sep/2026 22:26:59] "GET /staff/chat/poll/?session_id=16&after_id=0 HTTP/1.1" 200 37488
[18/Sep/2026 22:27:02] "GET /api/chat/sessions/?mode=admin HTTP/1.1" 200 244
[18/Sep/2026 22:27:03] "GET /staff/chat/poll/?session_id=16&after_id=0 HTTP/1.1" 200 37488
[18/Sep/2026 22:27:07] "GET /staff/chat/poll/?session_id=16&after_id=0 HTTP/1.1" 200 37488
[18/Sep/2026 22:27:09] "GET /api/chat/sessions/?mode=admin HTTP/1.1" 200 244
[18/Sep/2026 22:27:11] "GET /staff/chat/poll/?session_id=16&after_id=0 HTTP/1.1" 200 37488
[18/Sep/2026 22:27:15] "GET /staff/chat/poll/?session_id=16&after_id=0 HTTP/1.1" 200 37488
[18/Sep/2026 22:27:16] "GET /api/chat/sessions/?mode=admin HTTP/1.1" 200 244
[18/Sep/2026 22:27:19] "GET /staff/chat/poll/?session_id=16&after_id=0 HTTP/1.1" 200 37488
[18/Sep/2026 22:27:23] "GET /staff/chat/poll/?session_id=16&after_id=0 HTTP/1.1" 200 37488
[18/Sep/2026 22:27:23] "GET /api/chat/sessions/?mode=admin HTTP/1.1" 200 244
[18/Sep/2026 22:27:27] "GET /staff/chat/poll/?session_id=16&after_id=0 HTTP/1.1" 200 37488
[18/Sep/2026 22:27:30] "GET /api/chat/sessions/?mode=admin HTTP/1.1" 200 244
[18/Sep/2026 22:27:31] "GET /staff/chat/poll/?session_id=16&after_id=0 HTTP/1.1" 200 37488
[18/Sep/2026 22:27:35] "GET /staff/chat/poll/?session_id=16&after_id=0 HTTP/1.1" 200 37488
[18/Sep/2026 22:27:39] "GET /staff/chat/poll/?session_id=16&after_id=0 HTTP/1.1" 200 37488
[18/Sep/2026 22:27:43] "GET /staff/chat/poll/?session_id=16&after_id=0 HTTP/1.1" 200 37488
[18/Sep/2026 22:27:47] "GET /staff/chat/poll/?session_id=16&after_id=0 HTTP/1.1" 200 37488
[18/Sep/2026 22:27:51] "GET /staff/chat/poll/?session_id=16&after_id=0 HTTP/1.1" 200 37488
[18/Sep/2026 22:27:55] "GET /staff/chat/poll/?session_id=16&after_id=0 HTTP/1.1" 200 37488
[18/Sep/2026 22:27:59] "GET /staff/chat/poll/?session_id=16&after_id=0 HTTP/1.1" 200 37488
[18/Sep/2026 22:28:03] "GET /staff/chat/poll/?session_id=16&after_id=0 HTTP/1.1" 200 37488
[18/Sep/2026 22:28:03] "GET /api/chat/sessions/?mode=admin HTTP/1.1" 200 244
[18/Sep/2026 22:28:07] "GET /staff/chat/poll/?session_id=16&after_id=0 HTTP/1.1" 200 37488
[18/Sep/2026 22:28:11] "GET /staff/chat/poll/?session_id=16&after_id=0 HTTP/1.1" 200 37488
[18/Sep/2026 22:28:15] "GET /staff/chat/poll/?session_id=16&after_id=0 HTTP/1.1" 200 37488
[18/Sep/2026 22:28:19] "GET /staff/chat/poll/?session_id=16&after_id=0 HTTP/1.1" 200 37488
[18/Sep/2026 22:28:23] "GET /staff/chat/poll/?session_id=16&after_id=0 HTTP/1.1" 200 37488
[18/Sep/2026 22:28:27] "GET /staff/chat/poll/?session_id=16&after_id=0 HTTP/1.1" 200 37488
[18/Sep/2026 22:28:31] "GET /staff/chat/poll/?session_id=16&after_id=0 HTTP/1.1" 200 37488
[18/Sep/2026 22:28:35] "GET /staff/chat/poll/?session_id=16&after_id=0 HTTP/1.1" 200 37488
[18/Sep/2026 22:28:39] "GET /staff/chat/poll/?session_id=16&after_id=0 HTTP/1.1" 200 37488
[18/Sep/2026 22:28:43] "GET /staff/chat/poll/?session_id=16&after_id=0 HTTP/1.1" 200 37488
[18/Sep/2026 22:28:47] "GET /staff/chat/poll/?session_id=16&after_id=0 HTTP/1.1" 200 37488
[18/Sep/2026 22:28:51] "GET /staff/chat/poll/?session_id=16&after_id=0 HTTP/1.1" 200 37488
[18/Sep/2026 22:28:55] "GET /staff/chat/poll/?session_id=16&after_id=0 HTTP/1.1" 200 37488
[18/Sep/2026 22:28:59] "GET /staff/chat/poll/?session_id=16&after_id=0 HTTP/1.1" 200 37488
[18/Sep/2026 22:29:03] "GET /staff/chat/poll/?session_id=16&after_id=0 HTTP/1.1" 200 37488
[18/Sep/2026 22:29:03] "GET /api/chat/sessions/?mode=admin HTTP/1.1" 200 244
[18/Sep/2026 22:29:07] "GET /staff/chat/poll/?session_id=16&after_id=0 HTTP/1.1" 200 37488
[18/Sep/2026 22:29:11] "GET /staff/chat/poll/?session_id=16&after_id=0 HTTP/1.1" 200 37488
[18/Sep/2026 22:29:15] "GET /staff/chat/poll/?session_id=16&after_id=0 HTTP/1.1" 200 37488
[18/Sep/2026 22:29:19] "GET /staff/chat/poll/?session_id=16&after_id=0 HTTP/1.1" 200 37488
[18/Sep/2026 22:29:23] "GET /staff/chat/poll/?session_id=16&after_id=0 HTTP/1.1" 200 37488
[18/Sep/2026 22:29:27] "GET /staff/chat/poll/?session_id=16&after_id=0 HTTP/1.1" 200 37488
[18/Sep/2026 22:29:31] "GET /staff/chat/poll/?session_id=16&after_id=0 HTTP/1.1" 200 37488
[18/Sep/2026 22:29:35] "GET /staff/chat/poll/?session_id=16&after_id=0 HTTP/1.1" 200 37488
[18/Sep/2026 22:29:39] "GET /staff/chat/poll/?session_id=16&after_id=0 HTTP/1.1" 200 37488
[18/Sep/2026 22:29:43] "GET /staff/chat/poll/?session_id=16&after_id=0 HTTP/1.1" 200 37488
[18/Sep/2026 22:29:47] "GET /staff/chat/poll/?session_id=16&after_id=0 HTTP/1.1" 200 37488
[18/Sep/2026 22:29:51] "GET /staff/chat/poll/?session_id=16&after_id=0 HTTP/1.1" 200 37488
[18/Sep/2026 22:29:55] "GET /staff/chat/poll/?session_id=16&after_id=0 HTTP/1.1" 200 37488
[18/Sep/2026 22:29:59] "GET /staff/chat/poll/?session_id=16&after_id=0 HTTP/1.1" 200 37488
[18/Sep/2026 22:30:03] "GET /staff/chat/poll/?session_id=16&after_id=0 HTTP/1.1" 200 37488
[18/Sep/2026 22:30:03] "GET /api/chat/sessions/?mode=admin HTTP/1.1" 200 244
[18/Sep/2026 22:30:07] "GET /staff/chat/poll/?session_id=16&after_id=0 HTTP/1.1" 200 37488
[18/Sep/2026 22:30:11] "GET /staff/chat/poll/?session_id=16&after_id=0 HTTP/1.1" 200 37488
[18/Sep/2026 22:30:15] "GET /staff/chat/poll/?session_id=16&after_id=0 HTTP/1.1" 200 37488
[18/Sep/2026 22:30:19] "GET /staff/chat/poll/?session_id=16&after_id=0 HTTP/1.1" 200 37488
[18/Sep/2026 22:30:23] "GET /staff/chat/poll/?session_id=16&after_id=0 HTTP/1.1" 200 37488
[18/Sep/2026 22:30:27] "GET /staff/chat/poll/?session_id=16&after_id=0 HTTP/1.1" 200 37488
[18/Sep/2026 22:30:31] "GET /staff/chat/poll/?session_id=16&after_id=0 HTTP/1.1" 200 37488
[18/Sep/2026 22:30:35] "GET /staff/chat/poll/?session_id=16&after_id=0 HTTP/1.1" 200 37488
[18/Sep/2026 22:30:39] "GET /staff/chat/poll/?session_id=16&after_id=0 HTTP/1.1" 200 37488
[18/Sep/2026 22:30:43] "GET /staff/chat/poll/?session_id=16&after_id=0 HTTP/1.1" 200 37488
[18/Sep/2026 22:30:47] "GET /staff/chat/poll/?session_id=16&after_id=0 HTTP/1.1" 200 37488
[18/Sep/2026 22:30:51] "GET /staff/chat/poll/?session_id=16&after_id=0 HTTP/1.1" 200 37488
[18/Sep/2026 22:30:55] "GET /staff/chat/poll/?session_id=16&after_id=0 HTTP/1.1" 200 37488
[18/Sep/2026 22:30:59] "GET /staff/chat/poll/?session_id=16&after_id=0 HTTP/1.1" 200 37488
[18/Sep/2026 22:31:03] "GET /staff/chat/poll/?session_id=16&after_id=0 HTTP/1.1" 200 37488
[18/Sep/2026 22:31:03] "GET /api/chat/sessions/?mode=admin HTTP/1.1" 200 244
[18/Sep/2026 22:31:07] "GET /staff/chat/poll/?session_id=16&after_id=0 HTTP/1.1" 200 37488
[18/Sep/2026 22:31:11] "GET /staff/chat/poll/?session_id=16&after_id=0 HTTP/1.1" 200 37488
[18/Sep/2026 22:31:15] "GET /staff/chat/poll/?session_id=16&after_id=0 HTTP/1.1" 200 37488
[18/Sep/2026 22:31:19] "GET /staff/chat/poll/?session_id=16&after_id=0 HTTP/1.1" 200 37488
[18/Sep/2026 22:31:23] "GET /staff/chat/poll/?session_id=16&after_id=0 HTTP/1.1" 200 37488
[18/Sep/2026 22:31:27] "GET /staff/chat/poll/?session_id=16&after_id=0 HTTP/1.1" 200 37488
[18/Sep/2026 22:31:31] "GET /staff/chat/poll/?session_id=16&after_id=0 HTTP/1.1" 200 37488
[18/Sep/2026 22:31:35] "GET /staff/chat/poll/?session_id=16&after_id=0 HTTP/1.1" 200 37488
[18/Sep/2026 22:31:39] "GET /staff/chat/poll/?session_id=16&after_id=0 HTTP/1.1" 200 37488
[18/Sep/2026 22:31:43] "GET /staff/chat/poll/?session_id=16&after_id=0 HTTP/1.1" 200 37488
[18/Sep/2026 22:31:47] "GET /staff/chat/poll/?session_id=16&after_id=0 HTTP/1.1" 200 37488
[18/Sep/2026 22:31:51] "GET /staff/chat/poll/?session_id=16&after_id=0 HTTP/1.1" 200 37488
[18/Sep/2026 22:31:55] "GET /staff/chat/poll/?session_id=16&after_id=0 HTTP/1.1" 200 37488
[18/Sep/2026 22:31:59] "GET /staff/chat/poll/?session_id=16&after_id=0 HTTP/1.1" 200 37488
[18/Sep/2026 22:32:03] "GET /staff/chat/poll/?session_id=16&after_id=0 HTTP/1.1" 200 37488
[18/Sep/2026 22:32:03] "GET /api/chat/sessions/?mode=admin HTTP/1.1" 200 244
[18/Sep/2026 22:32:07] "GET /staff/chat/poll/?session_id=16&after_id=0 HTTP/1.1" 200 37488
[18/Sep/2026 22:32:11] "GET /staff/chat/poll/?session_id=16&after_id=0 HTTP/1.1" 200 37488
[18/Sep/2026 22:32:15] "GET /staff/chat/poll/?session_id=16&after_id=0 HTTP/1.1" 200 37488
[18/Sep/2026 22:32:19] "GET /staff/chat/poll/?session_id=16&after_id=0 HTTP/1.1" 200 37488
[18/Sep/2026 22:32:23] "GET /staff/chat/poll/?session_id=16&after_id=0 HTTP/1.1" 200 37488
[18/Sep/2026 22:32:27] "GET /staff/chat/poll/?session_id=16&after_id=0 HTTP/1.1" 200 37488
[18/Sep/2026 22:32:31] "GET /staff/chat/poll/?session_id=16&after_id=0 HTTP/1.1" 200 37488
[18/Sep/2026 22:32:35] "GET /staff/chat/poll/?session_id=16&after_id=0 HTTP/1.1" 200 37488
[18/Sep/2026 22:32:39] "GET /staff/chat/poll/?session_id=16&after_id=0 HTTP/1.1" 200 37488
[18/Sep/2026 22:32:43] "GET /staff/chat/poll/?session_id=16&after_id=0 HTTP/1.1" 200 37488
[18/Sep/2026 22:32:47] "GET /staff/chat/poll/?session_id=16&after_id=0 HTTP/1.1" 200 37488
[18/Sep/2026 22:32:51] "GET /staff/chat/poll/?session_id=16&after_id=0 HTTP/1.1" 200 37488
[18/Sep/2026 22:32:55] "GET /staff/chat/poll/?session_id=16&after_id=0 HTTP/1.1" 200 37488
[18/Sep/2026 22:32:59] "GET /staff/chat/poll/?session_id=16&after_id=0 HTTP/1.1" 200 37488
[18/Sep/2026 22:33:03] "GET /staff/chat/poll/?session_id=16&after_id=0 HTTP/1.1" 200 37488
[18/Sep/2026 22:33:03] "GET /api/chat/sessions/?mode=admin HTTP/1.1" 200 244
[18/Sep/2026 22:33:07] "GET /staff/chat/poll/?session_id=16&after_id=0 HTTP/1.1" 200 37488
[18/Sep/2026 22:33:11] "GET /staff/chat/poll/?session_id=16&after_id=0 HTTP/1.1" 200 37488
[18/Sep/2026 22:33:15] "GET /staff/chat/poll/?session_id=16&after_id=0 HTTP/1.1" 200 37488
[18/Sep/2026 22:33:19] "GET /staff/chat/poll/?session_id=16&after_id=0 HTTP/1.1" 200 37488
[18/Sep/2026 22:33:23] "GET /staff/chat/poll/?session_id=16&after_id=0 HTTP/1.1" 200 37488
[18/Sep/2026 22:33:27] "GET /staff/chat/poll/?session_id=16&after_id=0 HTTP/1.1" 200 37488
[18/Sep/2026 22:33:31] "GET /staff/chat/poll/?session_id=16&after_id=0 HTTP/1.1" 200 37488
[18/Sep/2026 22:33:35] "GET /staff/chat/poll/?session_id=16&after_id=0 HTTP/1.1" 200 37488
[18/Sep/2026 22:33:39] "GET /staff/chat/poll/?session_id=16&after_id=0 HTTP/1.1" 200 37488
[18/Sep/2026 22:33:43] "GET /staff/chat/poll/?session_id=16&after_id=0 HTTP/1.1" 200 37488
[18/Sep/2026 22:33:47] "GET /staff/chat/poll/?session_id=16&after_id=0 HTTP/1.1" 200 37488
[18/Sep/2026 22:33:52] "GET /staff/chat/poll/?session_id=16&after_id=0 HTTP/1.1" 200 37488
[18/Sep/2026 22:33:55] "GET /staff/chat/poll/?session_id=16&after_id=0 HTTP/1.1" 200 37488
[18/Sep/2026 22:33:59] "GET /staff/chat/poll/?session_id=16&after_id=0 HTTP/1.1" 200 37488
[18/Sep/2026 22:34:03] "GET /staff/chat/poll/?session_id=16&after_id=0 HTTP/1.1" 200 37488
[18/Sep/2026 22:34:03] "GET /api/chat/sessions/?mode=admin HTTP/1.1" 200 244
[18/Sep/2026 22:34:05] "POST /api/chat/pin/ HTTP/1.1" 200 79
[18/Sep/2026 22:34:07] "GET /staff/chat/poll/?session_id=16&after_id=0 HTTP/1.1" 200 37272
[18/Sep/2026 22:34:08] "POST /api/chat/pin/ HTTP/1.1" 200 295
[18/Sep/2026 22:34:11] "GET /staff/chat/poll/?session_id=16&after_id=0 HTTP/1.1" 200 37488
[18/Sep/2026 22:34:12] "GET /api/chat/media/?session_id=16 HTTP/1.1" 200 1652
[18/Sep/2026 22:34:15] "GET /staff/chat/poll/?session_id=16&after_id=0 HTTP/1.1" 200 37488
[18/Sep/2026 22:34:18] "GET /api/chat/sessions/?mode=admin HTTP/1.1" 200 244
[18/Sep/2026 22:34:19] "GET /my-payments/?tab=action_required HTTP/1.1" 200 201262
[18/Sep/2026 22:34:19] "GET /static/css/client_payment.css?v=20260918d HTTP/1.1" 304 0
[18/Sep/2026 22:34:19] "GET /static/css/client_admin_chat_widget.css?v=20260919c HTTP/1.1" 304 0
[18/Sep/2026 22:34:19] "GET /static/js/client_admin_chat_widget.js?v=20260919b HTTP/1.1" 304 0
[18/Sep/2026 22:34:19] "GET /api/chat/sessions/?mode=admin HTTP/1.1" 200 244
[18/Sep/2026 22:34:19] "GET /api/chat/history/?session_id=16 HTTP/1.1" 200 23334
[18/Sep/2026 22:34:20] "GET /staff/chat/poll/?session_id=16&after_id=0 HTTP/1.1" 200 37487
[18/Sep/2026 22:34:20] "GET /api/chat/history/?session_id=16 HTTP/1.1" 200 23334
[18/Sep/2026 22:34:20] "POST /api/chat/mark-read/ HTTP/1.1" 200 17
[18/Sep/2026 22:34:24] "GET /staff/chat/poll/?session_id=16&after_id=0 HTTP/1.1" 200 37487
[18/Sep/2026 22:34:26] "GET /api/chat/history/?session_id=16 HTTP/1.1" 200 23334
[18/Sep/2026 22:34:26] "POST /api/chat/mark-read/ HTTP/1.1" 200 17
[18/Sep/2026 22:34:27] "GET /staff/chat/poll/?session_id=16&after_id=0 HTTP/1.1" 200 37487
[18/Sep/2026 22:34:31] "GET /staff/chat/poll/?session_id=16&after_id=0 HTTP/1.1" 200 37487
[18/Sep/2026 22:34:33] "GET /api/chat/history/?session_id=16 HTTP/1.1" 200 23334
[18/Sep/2026 22:34:33] "POST /api/chat/mark-read/ HTTP/1.1" 200 17
[18/Sep/2026 22:34:34] "GET /api/chat/media/?session_id=16 HTTP/1.1" 200 1652
[18/Sep/2026 22:34:36] "GET /staff/chat/poll/?session_id=16&after_id=0 HTTP/1.1" 200 37487
[18/Sep/2026 22:34:39] "GET /staff/chat/poll/?session_id=16&after_id=0 HTTP/1.1" 200 37487
[18/Sep/2026 22:34:41] "GET /api/chat/history/?session_id=16 HTTP/1.1" 200 23334
[18/Sep/2026 22:34:41] "POST /api/chat/mark-read/ HTTP/1.1" 200 17
[18/Sep/2026 22:34:43] "GET /staff/chat/poll/?session_id=16&after_id=0 HTTP/1.1" 200 37487
[18/Sep/2026 22:34:48] "GET /staff/chat/poll/?session_id=16&after_id=0 HTTP/1.1" 200 37487
[18/Sep/2026 22:34:48] "GET /api/chat/history/?session_id=16 HTTP/1.1" 200 23334
[18/Sep/2026 22:34:48] "POST /api/chat/mark-read/ HTTP/1.1" 200 17
[18/Sep/2026 22:34:51] "GET /staff/chat/poll/?session_id=16&after_id=0 HTTP/1.1" 200 37487
[18/Sep/2026 22:34:55] "GET /api/chat/history/?session_id=16 HTTP/1.1" 200 23334
[18/Sep/2026 22:34:55] "POST /api/chat/mark-read/ HTTP/1.1" 200 17
[18/Sep/2026 22:34:55] "GET /staff/chat/poll/?session_id=16&after_id=0 HTTP/1.1" 200 37487
[18/Sep/2026 22:34:59] "GET /staff/chat/poll/?session_id=16&after_id=0 HTTP/1.1" 200 37487
[18/Sep/2026 22:35:02] "GET /api/chat/history/?session_id=16 HTTP/1.1" 200 23334
[18/Sep/2026 22:35:02] "POST /api/chat/mark-read/ HTTP/1.1" 200 17
[18/Sep/2026 22:35:03] "GET /staff/chat/poll/?session_id=16&after_id=0 HTTP/1.1" 200 37487
[18/Sep/2026 22:35:07] "GET /staff/chat/poll/?session_id=16&after_id=0 HTTP/1.1" 200 37487
[18/Sep/2026 22:35:08] "GET /api/chat/history/?session_id=16 HTTP/1.1" 200 23334
[18/Sep/2026 22:35:09] "POST /api/chat/mark-read/ HTTP/1.1" 200 17
[18/Sep/2026 22:35:11] "GET /staff/chat/poll/?session_id=16&after_id=0 HTTP/1.1" 200 37487
[18/Sep/2026 22:35:16] "GET /staff/chat/poll/?session_id=16&after_id=0 HTTP/1.1" 200 37487
[18/Sep/2026 22:35:16] "GET /api/chat/history/?session_id=16 HTTP/1.1" 200 23334
[18/Sep/2026 22:35:16] "POST /api/chat/mark-read/ HTTP/1.1" 200 17
[18/Sep/2026 22:35:19] "GET /staff/chat/poll/?session_id=16&after_id=0 HTTP/1.1" 200 37487
[18/Sep/2026 22:35:23] "GET /api/chat/history/?session_id=16 HTTP/1.1" 200 23334
[18/Sep/2026 22:35:23] "POST /api/chat/mark-read/ HTTP/1.1" 200 17
[18/Sep/2026 22:35:23] "GET /staff/chat/poll/?session_id=16&after_id=0 HTTP/1.1" 200 37487
[18/Sep/2026 22:35:27] "GET /staff/chat/poll/?session_id=16&after_id=0 HTTP/1.1" 200 37487
[18/Sep/2026 22:35:29] "GET /api/chat/history/?session_id=16 HTTP/1.1" 200 23334
[18/Sep/2026 22:35:29] "POST /api/chat/mark-read/ HTTP/1.1" 200 17
[18/Sep/2026 22:35:31] "GET /staff/chat/poll/?session_id=16&after_id=0 HTTP/1.1" 200 37487
[18/Sep/2026 22:35:35] "GET /staff/chat/poll/?session_id=16&after_id=0 HTTP/1.1" 200 37487
[18/Sep/2026 22:35:37] "GET /api/chat/history/?session_id=16 HTTP/1.1" 200 23334
[18/Sep/2026 22:35:37] "POST /api/chat/mark-read/ HTTP/1.1" 200 17
[18/Sep/2026 22:35:39] "GET /staff/chat/poll/?session_id=16&after_id=0 HTTP/1.1" 200 37487
[18/Sep/2026 22:35:43] "GET /staff/chat/poll/?session_id=16&after_id=0 HTTP/1.1" 200 37487
[18/Sep/2026 22:35:47] "GET /staff/chat/poll/?session_id=16&after_id=0 HTTP/1.1" 200 37487
[18/Sep/2026 22:35:51] "GET /staff/chat/poll/?session_id=16&after_id=0 HTTP/1.1" 200 37487
[18/Sep/2026 22:35:55] "GET /staff/chat/poll/?session_id=16&after_id=0 HTTP/1.1" 200 37487
[18/Sep/2026 22:36:00] "GET /staff/chat/poll/?session_id=16&after_id=0 HTTP/1.1" 200 37487
[18/Sep/2026 22:36:03] "GET /staff/chat/poll/?session_id=16&after_id=0 HTTP/1.1" 200 37487
[18/Sep/2026 22:36:04] "GET /api/chat/history/?session_id=16 HTTP/1.1" 200 23334
[18/Sep/2026 22:36:04] "POST /api/chat/mark-read/ HTTP/1.1" 200 17
[18/Sep/2026 22:36:07] "GET /staff/chat/poll/?session_id=16&after_id=0 HTTP/1.1" 200 37487
[18/Sep/2026 22:36:11] "GET /staff/chat/poll/?session_id=16&after_id=0 HTTP/1.1" 200 37487
[18/Sep/2026 22:36:16] "GET /staff/chat/poll/?session_id=16&after_id=0 HTTP/1.1" 200 37487
[18/Sep/2026 22:36:20] "GET /staff/chat/poll/?session_id=16&after_id=0 HTTP/1.1" 200 37487
[18/Sep/2026 22:36:23] "GET /staff/chat/poll/?session_id=16&after_id=0 HTTP/1.1" 200 37487
[18/Sep/2026 22:36:26] "GET /api/chat/media/?session_id=16 HTTP/1.1" 200 1652
[18/Sep/2026 22:36:27] "GET /staff/chat/poll/?session_id=16&after_id=0 HTTP/1.1" 200 37487
[18/Sep/2026 22:36:31] "GET /staff/chat/poll/?session_id=16&after_id=0 HTTP/1.1" 200 37487
[18/Sep/2026 22:36:35] "GET /staff/chat/poll/?session_id=16&after_id=0 HTTP/1.1" 200 37487
[18/Sep/2026 22:36:39] "GET /staff/chat/poll/?session_id=16&after_id=0 HTTP/1.1" 200 37487
[18/Sep/2026 22:36:43] "GET /staff/chat/poll/?session_id=16&after_id=0 HTTP/1.1" 200 37487
[18/Sep/2026 22:36:47] "GET /staff/chat/poll/?session_id=16&after_id=0 HTTP/1.1" 200 37487
[18/Sep/2026 22:36:51] "GET /staff/chat/poll/?session_id=16&after_id=0 HTTP/1.1" 200 37487
[18/Sep/2026 22:36:55] "GET /staff/chat/poll/?session_id=16&after_id=0 HTTP/1.1" 200 37487
[18/Sep/2026 22:36:59] "GET /staff/chat/poll/?session_id=16&after_id=0 HTTP/1.1" 200 37487
[18/Sep/2026 22:37:03] "GET /staff/chat/poll/?session_id=16&after_id=0 HTTP/1.1" 200 37487
[18/Sep/2026 22:37:04] "GET /api/chat/history/?session_id=16 HTTP/1.1" 200 23334
[18/Sep/2026 22:37:04] "POST /api/chat/mark-read/ HTTP/1.1" 200 17
[18/Sep/2026 22:37:07] "GET /staff/chat/poll/?session_id=16&after_id=0 HTTP/1.1" 200 37487
[18/Sep/2026 22:37:11] "GET /staff/chat/poll/?session_id=16&after_id=0 HTTP/1.1" 200 37487
[18/Sep/2026 22:37:15] "GET /staff/chat/poll/?session_id=16&after_id=0 HTTP/1.1" 200 37487
[18/Sep/2026 22:37:19] "GET /staff/chat/poll/?session_id=16&after_id=0 HTTP/1.1" 200 37487
[18/Sep/2026 22:37:20] "GET /api/chat/media/?session_id=16 HTTP/1.1" 200 1652
[18/Sep/2026 22:37:23] "GET /staff/chat/poll/?session_id=16&after_id=0 HTTP/1.1" 200 37487
[18/Sep/2026 22:37:27] "GET /api/chat/media/?session_id=16 HTTP/1.1" 200 1652
[18/Sep/2026 22:37:27] "GET /staff/chat/poll/?session_id=16&after_id=0 HTTP/1.1" 200 37487
[18/Sep/2026 22:37:31] "GET /api/chat/media/?session_id=16 HTTP/1.1" 200 1652
[18/Sep/2026 22:37:31] "GET /staff/chat/poll/?session_id=16&after_id=0 HTTP/1.1" 200 37487
[18/Sep/2026 22:37:35] "GET /staff/chat/poll/?session_id=16&after_id=0 HTTP/1.1" 200 37487
[18/Sep/2026 22:37:39] "GET /staff/chat/poll/?session_id=16&after_id=0 HTTP/1.1" 200 37487
[18/Sep/2026 22:37:43] "GET /staff/chat/poll/?session_id=16&after_id=0 HTTP/1.1" 200 37487
[18/Sep/2026 22:37:47] "GET /staff/chat/poll/?session_id=16&after_id=0 HTTP/1.1" 200 37487
[18/Sep/2026 22:37:51] "GET /staff/chat/poll/?session_id=16&after_id=0 HTTP/1.1" 200 37487
[18/Sep/2026 22:37:55] "GET /staff/chat/poll/?session_id=16&after_id=0 HTTP/1.1" 200 37487
[18/Sep/2026 22:37:59] "GET /staff/chat/poll/?session_id=16&after_id=0 HTTP/1.1" 200 37487
[18/Sep/2026 22:38:03] "GET /staff/chat/poll/?session_id=16&after_id=0 HTTP/1.1" 200 37487
[18/Sep/2026 22:38:04] "GET /api/chat/history/?session_id=16 HTTP/1.1" 200 23334
[18/Sep/2026 22:38:04] "POST /api/chat/mark-read/ HTTP/1.1" 200 17
[18/Sep/2026 22:38:07] "GET /staff/chat/poll/?session_id=16&after_id=0 HTTP/1.1" 200 37487
[18/Sep/2026 22:38:11] "GET /staff/chat/poll/?session_id=16&after_id=0 HTTP/1.1" 200 37487
[18/Sep/2026 22:38:12] "GET /staff/chat/ HTTP/1.1" 200 116587
[18/Sep/2026 22:38:12] "GET /static/css/admin_chat.css?v=20260918c HTTP/1.1" 200 101990
[18/Sep/2026 22:38:22] "GET /api/staff/chat/unread/ HTTP/1.1" 200 39
[18/Sep/2026 22:38:32] "GET /api/staff/chat/unread/ HTTP/1.1" 200 39
[18/Sep/2026 22:38:42] "GET /api/staff/chat/unread/ HTTP/1.1" 200 39
[18/Sep/2026 22:38:52] "GET /api/staff/chat/unread/ HTTP/1.1" 200 39
[18/Sep/2026 22:39:02] "GET /api/staff/chat/unread/ HTTP/1.1" 200 39
[18/Sep/2026 22:39:04] "GET /api/chat/history/?session_id=16 HTTP/1.1" 200 23334
[18/Sep/2026 22:39:04] "POST /api/chat/mark-read/ HTTP/1.1" 200 17
[18/Sep/2026 22:39:12] "GET /api/staff/chat/unread/ HTTP/1.1" 200 39
[18/Sep/2026 22:39:22] "GET /api/staff/chat/unread/ HTTP/1.1" 200 39
[18/Sep/2026 22:39:32] "GET /api/staff/chat/unread/ HTTP/1.1" 200 39
[18/Sep/2026 22:39:42] "GET /api/staff/chat/unread/ HTTP/1.1" 200 39
[18/Sep/2026 22:39:43] "GET /staff/chat/16/ HTTP/1.1" 200 406160
[18/Sep/2026 22:39:43] "GET /static/css/admin_chat.css?v=20260919d HTTP/1.1" 304 0
[18/Sep/2026 22:39:43] "GET /staff/chat/poll/?session_id=16&after_id=0 HTTP/1.1" 200 37487
[18/Sep/2026 22:39:47] "GET /staff/chat/poll/?session_id=16&after_id=0 HTTP/1.1" 200 37487
[18/Sep/2026 22:39:49] "GET /staff/chat/ HTTP/1.1" 200 116587
[18/Sep/2026 22:39:59] "GET /api/staff/chat/unread/ HTTP/1.1" 200 39
[18/Sep/2026 22:40:04] "GET /api/chat/history/?session_id=16 HTTP/1.1" 200 23334
[18/Sep/2026 22:40:04] "POST /api/chat/mark-read/ HTTP/1.1" 200 17
[18/Sep/2026 22:41:03] "GET /api/chat/history/?session_id=16 HTTP/1.1" 200 23334
[18/Sep/2026 22:41:03] "POST /api/chat/mark-read/ HTTP/1.1" 200 17
[18/Sep/2026 22:41:29] "GET /api/staff/chat/unread/ HTTP/1.1" 200 39
[18/Sep/2026 22:41:39] "GET /api/staff/chat/unread/ HTTP/1.1" 200 39
[18/Sep/2026 22:41:49] "GET /api/staff/chat/unread/ HTTP/1.1" 200 39
[18/Sep/2026 22:41:57] "GET /staff/chat/16/ HTTP/1.1" 200 406160
[18/Sep/2026 22:41:57] "GET /staff/chat/poll/?session_id=16&after_id=0 HTTP/1.1" 200 37487
[18/Sep/2026 22:42:01] "GET /staff/chat/poll/?session_id=16&after_id=0 HTTP/1.1" 200 37487
[18/Sep/2026 22:42:04] "GET /api/chat/history/?session_id=16 HTTP/1.1" 200 23334
[18/Sep/2026 22:42:04] "POST /api/chat/mark-read/ HTTP/1.1" 200 17
[18/Sep/2026 22:42:05] "GET /staff/chat/poll/?session_id=16&after_id=0 HTTP/1.1" 200 37487
[18/Sep/2026 22:42:09] "GET /staff/chat/poll/?session_id=16&after_id=0 HTTP/1.1" 200 37487
[18/Sep/2026 22:42:13] "GET /staff/chat/poll/?session_id=16&after_id=0 HTTP/1.1" 200 37487
[18/Sep/2026 22:42:17] "GET /staff/chat/poll/?session_id=16&after_id=0 HTTP/1.1" 200 37487
[18/Sep/2026 22:42:21] "GET /staff/chat/poll/?session_id=16&after_id=0 HTTP/1.1" 200 37487
[18/Sep/2026 22:42:25] "GET /staff/chat/poll/?session_id=16&after_id=0 HTTP/1.1" 200 37487
[18/Sep/2026 22:42:29] "GET /staff/chat/poll/?session_id=16&after_id=0 HTTP/1.1" 200 37487
[18/Sep/2026 22:42:33] "GET /staff/chat/poll/?session_id=16&after_id=0 HTTP/1.1" 200 37487
[18/Sep/2026 22:42:37] "GET /staff/chat/poll/?session_id=16&after_id=0 HTTP/1.1" 200 37487
[18/Sep/2026 22:42:41] "GET /staff/chat/poll/?session_id=16&after_id=0 HTTP/1.1" 200 37487
[18/Sep/2026 22:42:45] "GET /staff/chat/poll/?session_id=16&after_id=0 HTTP/1.1" 200 37487
[18/Sep/2026 22:42:49] "GET /staff/chat/poll/?session_id=16&after_id=0 HTTP/1.1" 200 37487
[18/Sep/2026 22:42:54] "GET /staff/chat/poll/?session_id=16&after_id=0 HTTP/1.1" 200 37487
[18/Sep/2026 22:42:57] "GET /staff/chat/poll/?session_id=16&after_id=0 HTTP/1.1" 200 37487
[18/Sep/2026 22:43:01] "GET /staff/chat/poll/?session_id=16&after_id=0 HTTP/1.1" 200 37487
[18/Sep/2026 22:43:03] "GET /api/chat/history/?session_id=16 HTTP/1.1" 200 23334
[18/Sep/2026 22:43:03] "POST /api/chat/mark-read/ HTTP/1.1" 200 17
[18/Sep/2026 22:43:05] "GET /staff/chat/poll/?session_id=16&after_id=0 HTTP/1.1" 200 37487
[18/Sep/2026 22:43:09] "GET /staff/chat/poll/?session_id=16&after_id=0 HTTP/1.1" 200 37487
[18/Sep/2026 22:43:13] "GET /staff/chat/poll/?session_id=16&after_id=0 HTTP/1.1" 200 37487
[18/Sep/2026 22:43:17] "GET /staff/chat/poll/?session_id=16&after_id=0 HTTP/1.1" 200 37487
[18/Sep/2026 22:43:22] "GET /staff/chat/poll/?session_id=16&after_id=0 HTTP/1.1" 200 37487
[18/Sep/2026 22:43:25] "GET /staff/chat/poll/?session_id=16&after_id=0 HTTP/1.1" 200 37487
[18/Sep/2026 22:43:27] "GET /api/chat/media/?session_id=16 HTTP/1.1" 200 1652
[18/Sep/2026 22:43:29] "GET /staff/chat/poll/?session_id=16&after_id=0 HTTP/1.1" 200 37487
[18/Sep/2026 22:43:33] "GET /staff/chat/poll/?session_id=16&after_id=0 HTTP/1.1" 200 37487
[18/Sep/2026 22:43:37] "GET /staff/chat/poll/?session_id=16&after_id=0 HTTP/1.1" 200 37487
[18/Sep/2026 22:43:41] "GET /staff/chat/poll/?session_id=16&after_id=0 HTTP/1.1" 200 37487
[18/Sep/2026 22:43:45] "GET /staff/chat/poll/?session_id=16&after_id=0 HTTP/1.1" 200 37487
[18/Sep/2026 22:43:49] "GET /staff/chat/poll/?session_id=16&after_id=0 HTTP/1.1" 200 37487
[18/Sep/2026 22:43:53] "GET /staff/chat/poll/?session_id=16&after_id=0 HTTP/1.1" 200 37487
[18/Sep/2026 22:43:57] "GET /staff/chat/poll/?session_id=16&after_id=0 HTTP/1.1" 200 37487
[18/Sep/2026 22:44:01] "GET /staff/chat/poll/?session_id=16&after_id=0 HTTP/1.1" 200 37487
[18/Sep/2026 22:44:04] "GET /api/chat/history/?session_id=16 HTTP/1.1" 200 23334
[18/Sep/2026 22:44:04] "POST /api/chat/mark-read/ HTTP/1.1" 200 17
[18/Sep/2026 22:44:05] "GET /staff/chat/poll/?session_id=16&after_id=0 HTTP/1.1" 200 37487
[18/Sep/2026 22:44:06] "GET /staff/chat/16/ HTTP/1.1" 200 406160
[18/Sep/2026 22:44:06] "GET /static/css/admin_base.css?v=20260916h HTTP/1.1" 200 33531
[18/Sep/2026 22:44:06] "GET /static/js/theme-toggle.js HTTP/1.1" 200 8540
[18/Sep/2026 22:44:06] "GET /static/css/admin_light_mode.css?v=20260917d HTTP/1.1" 200 35726
[18/Sep/2026 22:44:06] "GET /static/css/admin_chat.css?v=20260919d HTTP/1.1" 200 101990
[18/Sep/2026 22:44:06] "GET /static/images/BalloorinaLogo1.png HTTP/1.1" 200 82825
[18/Sep/2026 22:44:07] "GET /media/chat_attachments/2026/09/r4_4aQstmW.png HTTP/1.1" 200 70427
[18/Sep/2026 22:44:08] "GET /staff/chat/poll/?session_id=16&after_id=0 HTTP/1.1" 200 37487
Not Found: /favicon.ico
[18/Sep/2026 22:44:08] "GET /media/chat_attachments/2026/09/Gemini_Generated_Image_q295icq295icq295.png HTTP/1.1" 200 1663308
[18/Sep/2026 22:44:08] "GET /favicon.ico HTTP/1.1" 404 34940
[18/Sep/2026 22:44:11] "GET /staff/chat/poll/?session_id=16&after_id=0 HTTP/1.1" 200 37487
[18/Sep/2026 22:44:12] "GET /dashboard/ HTTP/1.1" 200 148317
[18/Sep/2026 22:44:13] "GET /staff/bookings/ HTTP/1.1" 200 144980
[18/Sep/2026 22:44:14] "GET /staff/calendar/ HTTP/1.1" 200 142609
[18/Sep/2026 22:44:14] "GET /static/css/admin_calendar.css?v=20260916f HTTP/1.1" 304 0
[18/Sep/2026 22:44:15] "GET /staff/payments/ HTTP/1.1" 200 150312
[18/Sep/2026 22:44:15] "GET /static/css/admin_payment.css?v=20260918b HTTP/1.1" 304 0
[18/Sep/2026 22:44:16] "GET /staff/chat/ HTTP/1.1" 200 116587
[18/Sep/2026 22:44:16] "GET /static/css/admin_chat.css?v=20260918c HTTP/1.1" 304 0
[18/Sep/2026 22:44:19] "GET /staff/chat/16/ HTTP/1.1" 200 406160
[18/Sep/2026 22:44:19] "GET /staff/chat/poll/?session_id=16&after_id=0 HTTP/1.1" 200 37487
[18/Sep/2026 22:44:23] "GET /staff/chat/poll/?session_id=16&after_id=0 HTTP/1.1" 200 37487
[18/Sep/2026 22:44:24] "GET /staff/chat/ HTTP/1.1" 200 116587
[18/Sep/2026 22:44:28] "GET /staff/chat/16/ HTTP/1.1" 200 406160
[18/Sep/2026 22:44:28] "GET /staff/chat/poll/?session_id=16&after_id=0 HTTP/1.1" 200 37487
[18/Sep/2026 22:44:32] "GET /staff/chat/poll/?session_id=16&after_id=0 HTTP/1.1" 200 37487
[18/Sep/2026 22:44:36] "GET /api/chat/history/?session_id=16 HTTP/1.1" 200 23334
[18/Sep/2026 22:44:36] "POST /api/chat/mark-read/ HTTP/1.1" 200 17
[18/Sep/2026 22:44:37] "GET /staff/chat/poll/?session_id=16&after_id=0 HTTP/1.1" 200 37487
[18/Sep/2026 22:44:40] "GET /api/chat/media/?session_id=16 HTTP/1.1" 200 1652
[18/Sep/2026 22:44:41] "GET /staff/chat/poll/?session_id=16&after_id=0 HTTP/1.1" 200 37487
[18/Sep/2026 22:44:42] "GET /api/chat/history/?session_id=16 HTTP/1.1" 200 23334
[18/Sep/2026 22:44:42] "POST /api/chat/mark-read/ HTTP/1.1" 200 17
[18/Sep/2026 22:44:45] "GET /staff/chat/poll/?session_id=16&after_id=0 HTTP/1.1" 200 37487
[18/Sep/2026 22:44:49] "GET /staff/chat/poll/?session_id=16&after_id=0 HTTP/1.1" 200 37487
[18/Sep/2026 22:44:49] "GET /api/chat/history/?session_id=16 HTTP/1.1" 200 23334
[18/Sep/2026 22:44:49] "POST /api/chat/mark-read/ HTTP/1.1" 200 17
[18/Sep/2026 22:44:53] "GET /staff/chat/poll/?session_id=16&after_id=0 HTTP/1.1" 200 37487
[18/Sep/2026 22:44:56] "GET /api/chat/history/?session_id=16 HTTP/1.1" 200 23334
[18/Sep/2026 22:44:56] "POST /api/chat/mark-read/ HTTP/1.1" 200 17
[18/Sep/2026 22:44:57] "GET /staff/chat/poll/?session_id=16&after_id=0 HTTP/1.1" 200 37487
[18/Sep/2026 22:45:00] "GET /staff/chat/poll/?session_id=16&after_id=0 HTTP/1.1" 200 37487
[18/Sep/2026 22:45:03] "GET /api/chat/history/?session_id=16 HTTP/1.1" 200 23334
[18/Sep/2026 22:45:03] "POST /api/chat/mark-read/ HTTP/1.1" 200 17
[18/Sep/2026 22:45:04] "GET /staff/chat/poll/?session_id=16&after_id=0 HTTP/1.1" 200 37487
[18/Sep/2026 22:45:09] "GET /staff/chat/poll/?session_id=16&after_id=0 HTTP/1.1" 200 37487
[18/Sep/2026 22:45:10] "GET /api/chat/history/?session_id=16 HTTP/1.1" 200 23334
[18/Sep/2026 22:45:10] "POST /api/chat/mark-read/ HTTP/1.1" 200 17
[18/Sep/2026 22:45:12] "GET /staff/chat/poll/?session_id=16&after_id=0 HTTP/1.1" 200 37487
[18/Sep/2026 22:45:17] "GET /staff/chat/poll/?session_id=16&after_id=0 HTTP/1.1" 200 37487
[18/Sep/2026 22:45:17] "GET /api/chat/history/?session_id=16 HTTP/1.1" 200 23334
[18/Sep/2026 22:45:17] "POST /api/chat/mark-read/ HTTP/1.1" 200 17
[18/Sep/2026 22:45:21] "GET /staff/chat/poll/?session_id=16&after_id=0 HTTP/1.1" 200 37487
[18/Sep/2026 22:45:24] "GET /api/chat/history/?session_id=16 HTTP/1.1" 200 23334
[18/Sep/2026 22:45:24] "POST /api/chat/mark-read/ HTTP/1.1" 200 17
[18/Sep/2026 22:45:25] "GET /staff/chat/poll/?session_id=16&after_id=0 HTTP/1.1" 200 37487
[18/Sep/2026 22:45:28] "GET /staff/chat/poll/?session_id=16&after_id=0 HTTP/1.1" 200 37487
[18/Sep/2026 22:45:31] "GET /api/chat/history/?session_id=16 HTTP/1.1" 200 23334
[18/Sep/2026 22:45:31] "POST /api/chat/mark-read/ HTTP/1.1" 200 17
[18/Sep/2026 22:45:33] "GET /staff/chat/poll/?session_id=16&after_id=0 HTTP/1.1" 200 37487
[18/Sep/2026 22:45:38] "GET /api/chat/history/?session_id=16 HTTP/1.1" 200 23334
[18/Sep/2026 22:45:38] "POST /api/chat/mark-read/ HTTP/1.1" 200 17
[18/Sep/2026 22:45:45] "GET /api/chat/history/?session_id=16 HTTP/1.1" 200 23334
[18/Sep/2026 22:45:45] "POST /api/chat/mark-read/ HTTP/1.1" 200 17
[18/Sep/2026 22:45:52] "GET /api/chat/history/?session_id=16 HTTP/1.1" 200 23334
[18/Sep/2026 22:45:52] "POST /api/chat/mark-read/ HTTP/1.1" 200 17
[18/Sep/2026 22:45:59] "GET /api/chat/history/?session_id=16 HTTP/1.1" 200 23334
[18/Sep/2026 22:45:59] "POST /api/chat/mark-read/ HTTP/1.1" 200 17
[18/Sep/2026 22:46:03] "GET /staff/chat/poll/?session_id=16&after_id=0 HTTP/1.1" 200 37487
[18/Sep/2026 22:46:06] "GET /api/chat/history/?session_id=16 HTTP/1.1" 200 23334
[18/Sep/2026 22:46:06] "POST /api/chat/mark-read/ HTTP/1.1" 200 17
[18/Sep/2026 22:46:13] "GET /api/chat/history/?session_id=16 HTTP/1.1" 200 23334
[18/Sep/2026 22:46:13] "POST /api/chat/mark-read/ HTTP/1.1" 200 17
[18/Sep/2026 22:46:20] "GET /api/chat/history/?session_id=16 HTTP/1.1" 200 23334
[18/Sep/2026 22:46:20] "POST /api/chat/mark-read/ HTTP/1.1" 200 17
[18/Sep/2026 22:46:27] "GET /api/chat/history/?session_id=16 HTTP/1.1" 200 23334
[18/Sep/2026 22:46:27] "POST /api/chat/mark-read/ HTTP/1.1" 200 17
[18/Sep/2026 22:46:34] "GET /api/chat/history/?session_id=16 HTTP/1.1" 200 23334
[18/Sep/2026 22:46:34] "POST /api/chat/mark-read/ HTTP/1.1" 200 17
[18/Sep/2026 22:46:41] "GET /api/chat/history/?session_id=16 HTTP/1.1" 200 23334
[18/Sep/2026 22:46:41] "POST /api/chat/mark-read/ HTTP/1.1" 200 17
[18/Sep/2026 22:46:48] "GET /api/chat/history/?session_id=16 HTTP/1.1" 200 23334
[18/Sep/2026 22:46:48] "POST /api/chat/mark-read/ HTTP/1.1" 200 17
[18/Sep/2026 22:46:55] "GET /api/chat/history/?session_id=16 HTTP/1.1" 200 23334
[18/Sep/2026 22:46:55] "POST /api/chat/mark-read/ HTTP/1.1" 200 17
[18/Sep/2026 22:47:02] "GET /api/chat/history/?session_id=16 HTTP/1.1" 200 23334
[18/Sep/2026 22:47:02] "POST /api/chat/mark-read/ HTTP/1.1" 200 17
[18/Sep/2026 22:47:03] "GET /staff/chat/poll/?session_id=16&after_id=0 HTTP/1.1" 200 37487
[18/Sep/2026 22:47:09] "GET /api/chat/history/?session_id=16 HTTP/1.1" 200 23334
[18/Sep/2026 22:47:09] "POST /api/chat/mark-read/ HTTP/1.1" 200 17
[18/Sep/2026 22:47:16] "GET /api/chat/history/?session_id=16 HTTP/1.1" 200 23334
[18/Sep/2026 22:47:16] "POST /api/chat/mark-read/ HTTP/1.1" 200 17
[18/Sep/2026 22:47:23] "GET /api/chat/history/?session_id=16 HTTP/1.1" 200 23334
[18/Sep/2026 22:47:23] "POST /api/chat/mark-read/ HTTP/1.1" 200 17
[18/Sep/2026 22:47:30] "GET /api/chat/history/?session_id=16 HTTP/1.1" 200 23334
[18/Sep/2026 22:47:30] "POST /api/chat/mark-read/ HTTP/1.1" 200 17
[18/Sep/2026 22:47:37] "GET /api/chat/history/?session_id=16 HTTP/1.1" 200 23334
[18/Sep/2026 22:47:37] "POST /api/chat/mark-read/ HTTP/1.1" 200 17
[18/Sep/2026 22:47:38] "GET /api/chat/media/?session_id=16 HTTP/1.1" 200 1652
[18/Sep/2026 22:47:44] "GET /api/chat/history/?session_id=16 HTTP/1.1" 200 23334
[18/Sep/2026 22:47:44] "POST /api/chat/mark-read/ HTTP/1.1" 200 17
[18/Sep/2026 22:47:51] "GET /api/chat/sessions/?mode=admin HTTP/1.1" 200 244
[18/Sep/2026 22:47:53] "GET / HTTP/1.1" 200 157206
[18/Sep/2026 22:47:53] "GET /static/css/client_admin_chat_widget.css?v=20260919c HTTP/1.1" 304 0
[18/Sep/2026 22:47:53] "GET /static/js/client_admin_chat_widget.js?v=20260919b HTTP/1.1" 304 0
[18/Sep/2026 22:47:53] "GET /api/chat/sessions/?mode=admin HTTP/1.1" 200 244
[18/Sep/2026 22:47:53] "GET /api/chat/history/?session_id=16 HTTP/1.1" 200 23334
[18/Sep/2026 22:47:55] "GET /about/ HTTP/1.1" 200 144087
[18/Sep/2026 22:47:55] "GET /static/images/about_journey.png HTTP/1.1" 304 0
[18/Sep/2026 22:47:55] "GET /api/chat/sessions/?mode=admin HTTP/1.1" 200 244
[18/Sep/2026 22:47:56] "GET /api/chat/history/?session_id=16 HTTP/1.1" 200 23334
[18/Sep/2026 22:48:02] "GET /api/chat/sessions/?mode=admin HTTP/1.1" 200 244
[18/Sep/2026 22:48:03] "GET /staff/chat/poll/?session_id=16&after_id=0 HTTP/1.1" 200 37487
[18/Sep/2026 22:48:09] "GET /api/chat/sessions/?mode=admin HTTP/1.1" 200 244
[18/Sep/2026 22:48:16] "GET /api/chat/sessions/?mode=admin HTTP/1.1" 200 244
[18/Sep/2026 22:48:23] "GET /api/chat/sessions/?mode=admin HTTP/1.1" 200 244
[18/Sep/2026 22:48:30] "GET /api/chat/sessions/?mode=admin HTTP/1.1" 200 244
[18/Sep/2026 22:48:37] "GET /api/chat/sessions/?mode=admin HTTP/1.1" 200 244
[18/Sep/2026 22:48:44] "GET /api/chat/sessions/?mode=admin HTTP/1.1" 200 244
[18/Sep/2026 22:48:48] "GET /staff/chat/poll/?session_id=16&after_id=0 HTTP/1.1" 200 37487
[18/Sep/2026 22:48:51] "GET /api/chat/sessions/?mode=admin HTTP/1.1" 200 244
[18/Sep/2026 22:48:52] "GET /staff/chat/poll/?session_id=16&after_id=0 HTTP/1.1" 200 37487
[18/Sep/2026 22:48:54] "GET /staff/chat/ HTTP/1.1" 200 116587
[18/Sep/2026 22:48:54] "GET /static/css/admin_chat.css?v=20260918c HTTP/1.1" 304 0
[18/Sep/2026 22:48:58] "GET /api/chat/sessions/?mode=admin HTTP/1.1" 200 244
[18/Sep/2026 22:49:04] "GET /api/staff/chat/unread/ HTTP/1.1" 200 39
[18/Sep/2026 22:49:05] "GET /api/chat/sessions/?mode=admin HTTP/1.1" 200 244
[18/Sep/2026 22:49:12] "GET /api/chat/sessions/?mode=admin HTTP/1.1" 200 244
[18/Sep/2026 22:49:14] "GET /api/staff/chat/unread/ HTTP/1.1" 200 39
[18/Sep/2026 22:49:19] "GET /api/chat/sessions/?mode=admin HTTP/1.1" 200 244
[18/Sep/2026 22:49:24] "GET /api/staff/chat/unread/ HTTP/1.1" 200 39
[18/Sep/2026 22:49:26] "GET /api/chat/sessions/?mode=admin HTTP/1.1" 200 244
[18/Sep/2026 22:49:33] "GET /api/chat/sessions/?mode=admin HTTP/1.1" 200 244
[18/Sep/2026 22:49:34] "GET /api/staff/chat/unread/ HTTP/1.1" 200 39
[18/Sep/2026 22:49:40] "GET /api/chat/sessions/?mode=admin HTTP/1.1" 200 244
[18/Sep/2026 22:49:44] "GET /api/staff/chat/unread/ HTTP/1.1" 200 39
[18/Sep/2026 22:49:47] "GET /api/chat/sessions/?mode=admin HTTP/1.1" 200 244
[18/Sep/2026 22:49:54] "GET /api/staff/chat/unread/ HTTP/1.1" 200 39
[18/Sep/2026 22:50:03] "GET /api/chat/sessions/?mode=admin HTTP/1.1" 200 244
[18/Sep/2026 22:50:04] "GET /api/staff/chat/unread/ HTTP/1.1" 200 39
[18/Sep/2026 22:50:14] "GET /api/staff/chat/unread/ HTTP/1.1" 200 39
[18/Sep/2026 22:50:24] "GET /api/staff/chat/unread/ HTTP/1.1" 200 39
[18/Sep/2026 22:50:34] "GET /api/staff/chat/unread/ HTTP/1.1" 200 39
[18/Sep/2026 22:50:44] "GET /api/staff/chat/unread/ HTTP/1.1" 200 39
[18/Sep/2026 22:50:54] "GET /api/staff/chat/unread/ HTTP/1.1" 200 39
[18/Sep/2026 22:51:03] "GET /api/chat/sessions/?mode=admin HTTP/1.1" 200 244
[18/Sep/2026 22:51:04] "GET /api/staff/chat/unread/ HTTP/1.1" 200 39
[18/Sep/2026 22:51:14] "GET /api/staff/chat/unread/ HTTP/1.1" 200 39
[18/Sep/2026 22:51:24] "GET /api/staff/chat/unread/ HTTP/1.1" 200 39
[18/Sep/2026 22:51:34] "GET /api/staff/chat/unread/ HTTP/1.1" 200 39
[18/Sep/2026 22:51:44] "GET /api/staff/chat/unread/ HTTP/1.1" 200 39
[18/Sep/2026 22:51:54] "GET /api/staff/chat/unread/ HTTP/1.1" 200 39
[18/Sep/2026 22:52:03] "GET /api/chat/sessions/?mode=admin HTTP/1.1" 200 244
[18/Sep/2026 22:52:04] "GET /api/staff/chat/unread/ HTTP/1.1" 200 39
[18/Sep/2026 22:52:14] "GET /api/staff/chat/unread/ HTTP/1.1" 200 39
[18/Sep/2026 22:52:24] "GET /api/staff/chat/unread/ HTTP/1.1" 200 39
[18/Sep/2026 22:52:34] "GET /api/staff/chat/unread/ HTTP/1.1" 200 39
[18/Sep/2026 22:52:44] "GET /api/staff/chat/unread/ HTTP/1.1" 200 39
[18/Sep/2026 22:52:54] "GET /api/staff/chat/unread/ HTTP/1.1" 200 39
[18/Sep/2026 22:53:03] "GET /api/chat/sessions/?mode=admin HTTP/1.1" 200 244
[18/Sep/2026 22:54:03] "GET /api/chat/sessions/?mode=admin HTTP/1.1" 200 244
[18/Sep/2026 22:55:03] "GET /api/chat/sessions/?mode=admin HTTP/1.1" 200 244
[18/Sep/2026 22:56:03] "GET /api/chat/sessions/?mode=admin HTTP/1.1" 200 244
[18/Sep/2026 22:57:03] "GET /api/chat/sessions/?mode=admin HTTP/1.1" 200 244
[18/Sep/2026 22:58:03] "GET /api/chat/sessions/?mode=admin HTTP/1.1" 200 244
[18/Sep/2026 22:59:03] "GET /api/chat/sessions/?mode=admin HTTP/1.1" 200 244
[18/Sep/2026 23:00:03] "GET /api/chat/sessions/?mode=admin HTTP/1.1" 200 244
[18/Sep/2026 23:01:03] "GET /api/chat/sessions/?mode=admin HTTP/1.1" 200 244
[18/Sep/2026 23:01:56] "GET /api/chat/sessions/?mode=admin HTTP/1.1" 200 244
[18/Sep/2026 23:02:02] "GET /api/chat/sessions/?mode=admin HTTP/1.1" 200 244
[18/Sep/2026 23:02:04] "GET /api/staff/chat/unread/ HTTP/1.1" 200 39
[18/Sep/2026 23:02:09] "GET /api/chat/sessions/?mode=admin HTTP/1.1" 200 244
[18/Sep/2026 23:02:16] "GET /api/chat/sessions/?mode=admin HTTP/1.1" 200 244
[18/Sep/2026 23:02:23] "GET /api/chat/sessions/?mode=admin HTTP/1.1" 200 244
[18/Sep/2026 23:02:30] "GET /api/chat/sessions/?mode=admin HTTP/1.1" 200 244
[18/Sep/2026 23:02:37] "GET /api/chat/sessions/?mode=admin HTTP/1.1" 200 244
[18/Sep/2026 23:02:44] "GET /api/chat/sessions/?mode=admin HTTP/1.1" 200 244
[18/Sep/2026 23:02:51] "GET /api/chat/sessions/?mode=admin HTTP/1.1" 200 244
[18/Sep/2026 23:02:58] "GET /api/chat/sessions/?mode=admin HTTP/1.1" 200 244
[18/Sep/2026 23:03:59] "GET /api/chat/sessions/?mode=admin HTTP/1.1" 200 244
[18/Sep/2026 23:04:03] "GET /api/chat/sessions/?mode=admin HTTP/1.1" 200 244
[18/Sep/2026 23:05:03] "GET /api/chat/sessions/?mode=admin HTTP/1.1" 200 244
[18/Sep/2026 23:05:54] "GET /api/staff/chat/unread/ HTTP/1.1" 200 39
[18/Sep/2026 23:05:54] "GET /api/staff/chat/unread/ HTTP/1.1" 200 39
[18/Sep/2026 23:05:55] "GET /staff/chat/ HTTP/1.1" 200 116414
[18/Sep/2026 23:05:55] "GET /static/css/admin_base.css?v=20260916h HTTP/1.1" 200 33531
[18/Sep/2026 23:05:55] "GET /static/css/admin_chat.css?v=20260918c HTTP/1.1" 200 102341
[18/Sep/2026 23:05:55] "GET /static/css/admin_light_mode.css?v=20260917d HTTP/1.1" 200 35726
[18/Sep/2026 23:05:55] "GET /static/js/theme-toggle.js HTTP/1.1" 200 8540
[18/Sep/2026 23:05:55] "GET /static/images/BalloorinaLogo1.png HTTP/1.1" 200 82825
Not Found: /favicon.ico
[18/Sep/2026 23:05:57] "GET /favicon.ico HTTP/1.1" 404 34940
[18/Sep/2026 23:06:03] "GET /api/chat/sessions/?mode=admin HTTP/1.1" 200 244
[18/Sep/2026 23:06:05] "GET /staff/chat/16/ HTTP/1.1" 200 405830
[18/Sep/2026 23:06:05] "GET /static/css/admin_chat.css?v=20260919e HTTP/1.1" 200 102341
[18/Sep/2026 23:06:06] "GET /staff/chat/poll/?session_id=16&after_id=0 HTTP/1.1" 200 37488
[18/Sep/2026 23:06:10] "GET /staff/chat/poll/?session_id=16&after_id=0 HTTP/1.1" 200 37488
[18/Sep/2026 23:06:11] "GET /api/chat/media/?session_id=16 HTTP/1.1" 200 1652
[18/Sep/2026 23:06:14] "GET /staff/chat/poll/?session_id=16&after_id=0 HTTP/1.1" 200 37488
[18/Sep/2026 23:06:18] "GET /staff/chat/poll/?session_id=16&after_id=0 HTTP/1.1" 200 37488
[18/Sep/2026 23:06:22] "GET /staff/chat/poll/?session_id=16&after_id=0 HTTP/1.1" 200 37488
[18/Sep/2026 23:06:26] "GET /staff/chat/poll/?session_id=16&after_id=0 HTTP/1.1" 200 37488
[18/Sep/2026 23:06:30] "GET /staff/chat/poll/?session_id=16&after_id=0 HTTP/1.1" 200 37488
[18/Sep/2026 23:06:34] "GET /staff/chat/poll/?session_id=16&after_id=0 HTTP/1.1" 200 37488
[18/Sep/2026 23:06:38] "GET /staff/chat/poll/?session_id=16&after_id=0 HTTP/1.1" 200 37488
[18/Sep/2026 23:06:42] "GET /staff/chat/poll/?session_id=16&after_id=0 HTTP/1.1" 200 37488
[18/Sep/2026 23:06:46] "GET /staff/chat/poll/?session_id=16&after_id=0 HTTP/1.1" 200 37488
[18/Sep/2026 23:06:50] "GET /staff/chat/poll/?session_id=16&after_id=0 HTTP/1.1" 200 37488
[18/Sep/2026 23:06:54] "GET /staff/chat/poll/?session_id=16&after_id=0 HTTP/1.1" 200 37488
[18/Sep/2026 23:06:58] "GET /staff/chat/poll/?session_id=16&after_id=0 HTTP/1.1" 200 37488
[18/Sep/2026 23:07:03] "GET /staff/chat/poll/?session_id=16&after_id=0 HTTP/1.1" 200 37488
[18/Sep/2026 23:07:03] "GET /api/chat/sessions/?mode=admin HTTP/1.1" 200 244
[18/Sep/2026 23:07:06] "GET /staff/chat/poll/?session_id=16&after_id=0 HTTP/1.1" 200 37488
[18/Sep/2026 23:07:10] "GET /staff/chat/poll/?session_id=16&after_id=0 HTTP/1.1" 200 37488
[18/Sep/2026 23:07:14] "GET /staff/chat/poll/?session_id=16&after_id=0 HTTP/1.1" 200 37488
[18/Sep/2026 23:07:18] "GET /staff/chat/poll/?session_id=16&after_id=0 HTTP/1.1" 200 37488
[18/Sep/2026 23:07:22] "GET /staff/chat/poll/?session_id=16&after_id=0 HTTP/1.1" 200 37488
[18/Sep/2026 23:07:26] "GET /staff/chat/poll/?session_id=16&after_id=0 HTTP/1.1" 200 37488
[18/Sep/2026 23:07:30] "GET /staff/chat/poll/?session_id=16&after_id=0 HTTP/1.1" 200 37488
[18/Sep/2026 23:07:34] "GET /staff/chat/poll/?session_id=16&after_id=0 HTTP/1.1" 200 37488
[18/Sep/2026 23:07:38] "GET /staff/chat/poll/?session_id=16&after_id=0 HTTP/1.1" 200 37488
[18/Sep/2026 23:07:42] "GET /staff/chat/poll/?session_id=16&after_id=0 HTTP/1.1" 200 37488
[18/Sep/2026 23:07:46] "GET /staff/chat/poll/?session_id=16&after_id=0 HTTP/1.1" 200 37488
[18/Sep/2026 23:08:03] "GET /api/chat/sessions/?mode=admin HTTP/1.1" 200 244
[18/Sep/2026 23:08:03] "GET /staff/chat/poll/?session_id=16&after_id=0 HTTP/1.1" 200 37488
[18/Sep/2026 23:08:09] "GET /staff/chat/poll/?session_id=16&after_id=0 HTTP/1.1" 200 37488
[18/Sep/2026 23:08:10] "GET /staff/chat/poll/?session_id=16&after_id=0 HTTP/1.1" 200 37488
[18/Sep/2026 23:08:14] "GET /staff/chat/poll/?session_id=16&after_id=0 HTTP/1.1" 200 37488
[18/Sep/2026 23:08:18] "GET /staff/chat/poll/?session_id=16&after_id=0 HTTP/1.1" 200 37488
